start_ip,end_ip,port,action,is_redundant
27207,27250,10250,DENY,0
3126,3200,2379,ALLOW,0
21090,21389,8888,DENY,1
39538,39632,8443,ALLOW,1
34199,34269,6379,DENY,0
27690,27718,1433,ALLOW,0
5874,6157,8443,DENY,1
39703,39734,6443,DENY,0
42911,42933,10250,ALLOW,0
35535,35901,8080,DENY,1
46454,46591,3389,ALLOW,1
4377,4462,443,DENY,1
2402,2500,443,DENY,1
56304,56449,443,ALLOW,0
44576,44607,2222,DENY,0
34620,34814,4443,ALLOW,1
8457,8505,8080,ALLOW,1
56569,56657,8000,DENY,0
41824,42003,1433,ALLOW,1
47357,47404,8000,DENY,1
17143,17209,5432,DENY,1
46576,46689,21,ALLOW,0
43312,43329,443,ALLOW,1
7901,7943,443,ALLOW,0
23270,23746,3306,DENY,0
46164,46216,6379,DENY,1
19778,20010,1433,DENY,1
647,685,22,ALLOW,0
47163,47242,53,DENY,1
10948,11214,80,DENY,1
6384,6456,8443,ALLOW,0
58625,58846,4443,ALLOW,1
38131,38147,21,ALLOW,1
10509,10838,53,DENY,1
27533,27581,21,DENY,1
49230,49619,53,ALLOW,1
32776,32781,9200,DENY,0
16975,17229,5432,DENY,1
34999,35067,9000,ALLOW,0
64023,64033,53,ALLOW,0
40388,40536,22,ALLOW,1
37571,37609,4443,DENY,0
49015,49183,3306,DENY,0
10761,10814,443,DENY,0
19348,19358,6443,DENY,1
57054,57248,1433,DENY,1
29226,29301,110,DENY,1
53368,53417,22,ALLOW,0
53110,53203,25,DENY,1
27351,27568,21,ALLOW,1
24402,24769,1433,DENY,0
49249,49300,8888,ALLOW,0
23999,24415,9000,DENY,1
24200,24227,8443,DENY,0
4666,5180,22,DENY,0
41322,41417,27017,DENY,1
37637,37871,9200,DENY,1
15667,15822,3306,ALLOW,0
54897,55003,21,ALLOW,0
22067,22350,1433,ALLOW,1
33966,34046,443,DENY,0
27083,27143,6443,DENY,0
30381,30449,5000,DENY,1
26785,26919,8443,DENY,0
40655,40677,9200,ALLOW,0
44689,44769,27017,DENY,0
4947,5139,443,DENY,1
18301,18365,27017,ALLOW,1
17456,17598,6443,DENY,1
15639,15788,8443,DENY,0
28420,28601,5000,ALLOW,1
3759,4130,10250,DENY,0
1869,1895,27017,ALLOW,1
19293,19381,1433,ALLOW,1
45140,45159,8080,ALLOW,0
24032,24529,8000,ALLOW,0
10721,10763,9000,DENY,0
47858,48110,80,DENY,1
41265,41341,3389,ALLOW,0
3578,3948,3306,DENY,1
7908,7961,8080,DENY,0
17486,17818,443,ALLOW,0
22226,22348,22,DENY,1
49544,49743,443,DENY,0
56426,56583,3389,ALLOW,0
53298,53456,1433,DENY,1
56965,57004,27017,DENY,0
59035,59071,1433,ALLOW,1
21171,21597,2222,ALLOW,1
16881,16989,5432,DENY,1
6712,7238,3389,ALLOW,0
37317,37566,8000,DENY,1
3796,3957,6443,ALLOW,0
5570,6064,8443,DENY,0
29378,29420,8888,ALLOW,0
32013,32148,6379,DENY,1
11929,11968,22,ALLOW,0
374,463,3306,DENY,1
5525,6307,9200,ALLOW,0
51946,52129,22,DENY,0
26111,26159,8888,DENY,0
9117,9399,8443,DENY,1
41954,42508,27017,ALLOW,0
43730,43925,8080,ALLOW,1
50247,50278,3389,ALLOW,0
17677,17959,1433,ALLOW,0
13766,13950,1433,DENY,1
51741,51789,6379,DENY,1
30733,30787,8888,DENY,0
19108,19278,5000,DENY,0
58482,58717,6443,DENY,1
24157,24320,2379,ALLOW,0
56957,57086,8443,DENY,1
43577,43800,110,DENY,1
16522,16855,25,DENY,0
51066,51272,3306,ALLOW,1
13923,14051,53,ALLOW,1
49835,49890,5432,DENY,1
10862,11237,5000,ALLOW,0
55379,55433,27017,DENY,0
2988,3018,5000,ALLOW,0
12234,12266,8888,ALLOW,0
17907,18148,9200,ALLOW,0
17785,18273,9000,ALLOW,0
21800,21974,6443,ALLOW,0
25146,25536,4443,ALLOW,0
32886,33528,5432,DENY,1
3208,3350,27017,ALLOW,0
46122,46225,4443,DENY,1
19056,19222,443,ALLOW,0
48932,48965,443,DENY,1
7890,8042,5432,DENY,1
26615,26694,8000,DENY,1
3767,4203,4443,DENY,1
26776,26833,6379,ALLOW,0
1923,2369,6443,ALLOW,0
6822,7149,3389,ALLOW,1
2522,2718,3389,DENY,1
2400,2708,1433,DENY,1
5188,5358,8080,DENY,1
48990,49174,9200,ALLOW,1
56304,56764,27017,ALLOW,0
2608,2637,80,ALLOW,1
54256,54422,21,DENY,1
10881,11166,443,ALLOW,0
5100,5118,6443,DENY,0
14012,14363,3389,DENY,0
20084,20158,1433,ALLOW,1
3852,4079,3389,DENY,1
23541,23580,8000,DENY,1
37214,37252,8443,ALLOW,0
12092,12153,5432,ALLOW,0
53919,53998,6379,DENY,1
17424,17513,2222,DENY,0
42708,43109,8443,DENY,1
25372,25471,6379,ALLOW,1
51631,52005,8443,ALLOW,0
17390,17484,3306,ALLOW,1
57044,57232,443,DENY,1
44903,45058,8443,DENY,0
7146,7295,25,ALLOW,0
34668,34987,3389,ALLOW,0
19812,19851,5432,ALLOW,0
20263,20374,6443,DENY,0
52477,52778,80,DENY,1
1522,2110,8080,DENY,1
50338,50366,110,ALLOW,0
14784,15392,2379,ALLOW,1
28881,29037,9000,ALLOW,1
21039,21459,9200,DENY,1
24364,24488,3306,ALLOW,0
57724,58067,1433,DENY,1
33134,33434,21,ALLOW,0
58949,58968,25,DENY,1
52670,52684,53,DENY,0
29095,29618,8000,DENY,1
19528,19599,9000,ALLOW,0
49842,49918,5432,ALLOW,0
26455,26606,443,ALLOW,0
22111,22338,27017,ALLOW,0
28217,28317,3306,ALLOW,1
15069,15119,2222,DENY,1
50151,50193,2379,ALLOW,1
25550,25653,2379,ALLOW,0
39869,39912,3306,ALLOW,0
38460,38556,5000,DENY,0
32448,33107,110,ALLOW,1
52677,52764,8000,ALLOW,1
52805,52935,2379,DENY,1
40450,40613,2379,ALLOW,1
43510,43520,8080,ALLOW,1
14784,15394,2379,DENY,1
30595,30666,443,ALLOW,0
44929,45268,10250,ALLOW,0
17323,17418,3389,DENY,0
17149,17211,8000,ALLOW,1
5574,5640,2222,DENY,0
46578,46619,9200,DENY,0
39078,39549,110,ALLOW,0
49934,50317,53,ALLOW,0
24237,24371,6443,DENY,1
12671,12830,8080,ALLOW,1
13484,13673,6379,ALLOW,0
18983,19378,27017,ALLOW,1
19809,19952,2222,ALLOW,0
12827,12896,110,ALLOW,0
6870,6957,5000,ALLOW,1
2789,2801,25,ALLOW,0
4886,4988,110,ALLOW,0
28625,28969,6379,ALLOW,1
55827,55837,27017,DENY,0
51736,52186,27017,DENY,1
33887,34351,8000,DENY,1
11061,11521,4443,ALLOW,0
27004,27159,8888,DENY,1
20261,20438,25,ALLOW,0
35048,35086,5000,DENY,0
13718,14107,9200,ALLOW,0
18887,19037,6443,DENY,0
11446,11735,80,ALLOW,0
10925,10980,9000,DENY,0
38920,39490,6379,ALLOW,1
20000,20015,2379,ALLOW,0
2276,2303,8888,DENY,0
4675,4723,9200,DENY,1
38689,38755,9200,ALLOW,1
20457,20492,2222,DENY,1
41098,41224,110,DENY,1
18103,18141,443,DENY,0
31444,31526,2222,ALLOW,0
51282,51673,6379,DENY,0
4952,5009,6443,DENY,1
10705,10751,8080,ALLOW,0
57353,57480,2379,DENY,0
6779,6939,8080,ALLOW,0
22469,22515,1433,DENY,1
6211,6334,8000,ALLOW,0
31218,31386,4443,ALLOW,1
31745,31876,3389,ALLOW,1
2469,2577,21,DENY,1
56268,56457,27017,ALLOW,1
41201,41245,8000,ALLOW,0
44152,44189,8080,ALLOW,0
51248,51471,10250,DENY,1
25132,25444,21,ALLOW,0
474,534,8080,DENY,0
2541,2643,2222,ALLOW,0
5906,6300,8888,DENY,0
16526,16529,27017,DENY,1
5705,5706,8888,DENY,0
56538,56558,8888,DENY,1
28690,28854,3306,DENY,1
15560,15592,25,ALLOW,0
51919,52130,21,DENY,0
38335,38521,2222,DENY,0
7798,8094,5432,ALLOW,0
23138,23284,22,DENY,1
38872,39108,8000,DENY,0
55809,55970,27017,ALLOW,0
22527,22623,8443,ALLOW,1
33800,34022,22,ALLOW,0
28513,28709,443,ALLOW,0
63103,63144,6443,DENY,0
30914,30920,8443,DENY,1
32762,32763,6443,DENY,1
58611,58846,4443,DENY,0
18672,18715,21,DENY,1
32731,32765,5432,DENY,1
12856,12930,25,ALLOW,0
31687,31765,25,ALLOW,0
15004,15559,80,DENY,1
6209,6495,4443,ALLOW,0
53478,53634,1433,ALLOW,1
33600,33781,8888,DENY,1
21764,21831,22,DENY,1
49052,49154,53,ALLOW,1
34169,34301,4443,ALLOW,0
12754,13017,2379,DENY,1
386,772,110,ALLOW,0
26315,26396,53,ALLOW,0
24145,24327,6443,DENY,0
36655,36926,3306,DENY,1
47788,47882,3389,DENY,1
4794,4860,6443,DENY,0
23810,23824,2379,ALLOW,0
17131,17229,5432,ALLOW,0
28333,28856,53,DENY,1
48337,48676,5000,ALLOW,1
9956,10021,80,ALLOW,0
10578,10743,110,DENY,1
32325,32440,1433,DENY,0
46056,46101,27017,DENY,0
36385,36539,22,DENY,0
59093,59139,6379,ALLOW,1
21110,21162,8000,DENY,1
39354,39391,8080,DENY,1
44199,44279,8080,DENY,0
31493,31781,3306,ALLOW,0
44109,44194,8080,ALLOW,0
3064,3142,10250,ALLOW,0
6847,6899,9000,ALLOW,1
31438,31462,5000,ALLOW,0
22243,22676,27017,DENY,1
34998,35051,9000,ALLOW,0
52704,52861,8080,ALLOW,0
57132,57233,3389,ALLOW,1
49595,49784,8888,ALLOW,1
34666,34849,110,ALLOW,0
56084,56191,80,DENY,1
61070,61112,2222,ALLOW,0
30608,30666,10250,DENY,0
25400,25434,8443,DENY,0
10405,10471,1433,ALLOW,0
31200,31226,8000,ALLOW,0
22615,22677,8443,ALLOW,0
12722,12777,8000,ALLOW,1
40590,40696,8080,ALLOW,1
4214,4277,80,ALLOW,1
39462,39463,8000,DENY,0
32286,32324,5432,DENY,1
961,1027,10250,DENY,0
32327,32336,8443,DENY,0
10630,10698,3306,ALLOW,1
15240,15319,27017,ALLOW,1
53435,53475,6443,ALLOW,0
19391,19697,5000,DENY,0
59234,59515,5432,DENY,0
3462,3598,8080,ALLOW,0
9477,9576,8080,DENY,0
12271,12457,9000,DENY,0
10648,11298,6443,DENY,1
29103,29166,3389,DENY,0
34011,34036,5000,DENY,0
50458,50951,9200,ALLOW,0
54852,54972,5432,DENY,0
29673,29762,80,ALLOW,0
31202,31203,8080,ALLOW,0
33777,33955,4443,DENY,0
52095,52204,6379,DENY,0
40922,40993,6379,DENY,1
4252,4683,25,ALLOW,0
41423,41536,27017,DENY,1
39977,40076,1433,DENY,1
41092,41140,25,DENY,0
19770,19780,6443,ALLOW,0
34593,34772,1433,ALLOW,0
30483,30544,25,ALLOW,0
45119,45275,5000,ALLOW,0
10478,10514,1433,ALLOW,0
41573,42282,25,ALLOW,0
5808,5862,3389,ALLOW,0
29956,30050,80,ALLOW,1
54424,54636,3306,DENY,1
1646,1685,9200,ALLOW,0
31415,31525,27017,DENY,1
48022,48027,3389,DENY,0
32354,32645,27017,DENY,1
28315,28799,27017,ALLOW,0
21497,22261,2379,ALLOW,0
34610,34720,25,ALLOW,1
19624,19749,27017,DENY,0
16417,16645,8443,DENY,1
35183,35473,25,ALLOW,1
35642,35657,10250,DENY,0
46577,46704,6443,DENY,0
41514,41768,4443,ALLOW,0
10812,10953,5432,ALLOW,1
33654,34076,5000,ALLOW,0
44142,44204,8443,DENY,0
41770,42088,1433,DENY,0
38694,38764,9200,ALLOW,1
52756,52806,5000,DENY,1
54712,55108,80,ALLOW,0
33250,33378,8443,ALLOW,0
56962,57094,53,DENY,1
54692,54735,3389,ALLOW,1
21913,22004,21,ALLOW,0
37200,37254,1433,ALLOW,0
43454,43795,8080,ALLOW,0
49530,49539,10250,ALLOW,0
55326,55434,8080,DENY,1
47180,47256,53,DENY,1
47381,47523,25,ALLOW,1
47398,47555,8443,DENY,0
14230,14265,443,DENY,0
47464,47609,3306,DENY,0
12407,12959,3306,DENY,1
31044,31075,6379,ALLOW,0
45843,45979,8080,ALLOW,0
44987,45064,3389,DENY,1
36153,36190,8888,ALLOW,0
27344,27484,2222,ALLOW,1
52201,52236,8888,ALLOW,0
49561,49731,443,ALLOW,1
14475,14767,2379,ALLOW,1
41829,41946,8000,ALLOW,0
3503,4016,3306,ALLOW,0
41139,41403,5000,DENY,1
7414,7541,22,DENY,0
10648,10697,3306,ALLOW,1
42537,42568,8000,ALLOW,0
3676,3774,53,ALLOW,0
44857,44954,9000,ALLOW,0
5777,5918,10250,DENY,1
27555,27578,21,ALLOW,0
30531,31073,3306,ALLOW,1
5186,5318,8000,ALLOW,1
6101,6142,9000,DENY,0
43315,43328,443,ALLOW,1
57727,57788,2222,ALLOW,0
30311,30386,8443,ALLOW,0
11816,11908,25,DENY,1
46620,46669,443,ALLOW,0
38951,39029,2222,ALLOW,0
28404,28625,25,ALLOW,0
31571,31580,22,DENY,1
9985,10084,1433,ALLOW,0
16969,16991,8888,DENY,0
6515,6665,53,ALLOW,1
25695,26080,8443,ALLOW,1
36376,36802,6379,DENY,1
16065,16316,8080,DENY,1
22110,22132,5432,ALLOW,1
21023,21516,9200,ALLOW,0
17160,17199,443,DENY,0
17131,17223,8000,DENY,0
25399,25670,2379,DENY,1
40123,40204,2379,ALLOW,0
10376,10763,80,ALLOW,1
5675,6298,22,ALLOW,0
9779,9832,443,DENY,0
63345,63346,443,ALLOW,0
26909,26989,443,ALLOW,0
28847,29355,25,ALLOW,0
13646,14034,2379,ALLOW,0
36839,36871,10250,DENY,1
5046,5095,10250,DENY,1
34846,34890,22,ALLOW,1
10697,10826,27017,ALLOW,1
57729,57777,2222,DENY,1
29421,29481,10250,DENY,0
40112,40351,27017,DENY,0
40860,40972,443,DENY,1
38000,38132,5432,DENY,0
17604,17632,80,DENY,1
34683,34842,5432,DENY,0
41723,42047,21,ALLOW,1
38760,38883,80,DENY,0
20291,20313,21,ALLOW,0
41492,41945,9200,ALLOW,0
34218,34592,8443,ALLOW,0
38119,38308,2222,ALLOW,0
41847,42120,10250,ALLOW,1
37903,37967,1433,ALLOW,0
17424,18003,80,DENY,1
19007,19188,27017,DENY,1
30697,30872,3389,ALLOW,1
54670,54726,8080,DENY,1
64980,64995,21,ALLOW,0
23615,24063,22,ALLOW,0
53609,54000,8080,DENY,1
12913,12962,9200,DENY,1
35593,35664,22,ALLOW,0
20708,20784,8000,DENY,0
34796,34867,6379,DENY,1
11475,11556,80,ALLOW,0
27044,27100,2379,ALLOW,0
14888,14983,4443,DENY,0
59490,59602,22,DENY,1
2461,2889,25,ALLOW,0
23335,23469,2379,ALLOW,1
48119,48269,2379,DENY,1
17178,17197,6379,DENY,1
40888,41001,5432,ALLOW,1
47263,47435,8888,ALLOW,1
52548,52587,8000,DENY,1
30191,30249,5432,DENY,0
47438,47463,6379,ALLOW,0
40161,40239,22,ALLOW,1
4673,4722,9200,DENY,1
6326,6373,6443,ALLOW,0
32585,32688,110,DENY,0
59188,59303,110,ALLOW,0
7561,7629,3389,ALLOW,0
27399,27465,1433,DENY,1
6515,6589,9200,DENY,0
60218,60249,4443,ALLOW,0
5376,5944,2222,ALLOW,1
27412,27484,27017,DENY,1
55997,56022,443,ALLOW,0
39288,39677,110,ALLOW,0
11368,11427,8443,DENY,1
57606,57747,443,DENY,0
14550,14701,22,ALLOW,0
11161,11283,22,ALLOW,1
39247,39533,8888,ALLOW,0
5826,6239,8443,ALLOW,0
12891,13224,3389,ALLOW,0
47090,47119,8000,DENY,0
54772,54800,25,ALLOW,0
40566,40816,6379,ALLOW,1
47671,48335,27017,ALLOW,0
41959,41990,443,DENY,0
4561,4615,5432,DENY,0
37672,37817,3306,ALLOW,1
27956,28289,5000,ALLOW,1
58385,58809,6443,ALLOW,0
36928,36951,21,DENY,0
24301,24573,9200,ALLOW,0
23265,23299,27017,DENY,1
43648,44007,6443,ALLOW,0
11278,11610,27017,DENY,0
19815,19936,22,DENY,1
46012,46065,53,ALLOW,0
5564,5589,6379,DENY,0
54271,54422,21,DENY,1
25484,25565,8000,DENY,1
34730,35175,8443,DENY,0
8719,8785,5432,DENY,0
26408,26422,443,DENY,1
25459,25531,8080,DENY,0
13849,13910,6379,DENY,1
1433,2184,8080,ALLOW,0
30657,30730,2379,DENY,0
39357,39435,4443,ALLOW,0
26155,26202,1433,DENY,0
41757,42168,110,ALLOW,0
5655,6021,6443,ALLOW,0
275,462,5432,ALLOW,0
51491,51535,80,DENY,1
59933,59943,443,ALLOW,0
45168,45258,5000,DENY,1
50223,50588,10250,DENY,1
11131,11174,110,ALLOW,0
26675,26732,2222,DENY,0
15500,15547,25,DENY,0
30860,31269,10250,ALLOW,0
25479,25621,8000,ALLOW,1
27002,27279,3389,DENY,1
4394,4610,4443,DENY,0
27535,27595,21,DENY,1
34026,34626,3389,ALLOW,0
18046,18227,53,ALLOW,1
7827,8000,3389,ALLOW,0
13842,13973,22,DENY,1
50699,50722,10250,ALLOW,1
29426,29436,21,DENY,1
53081,53141,9000,DENY,1
53556,53986,8080,ALLOW,0
19096,19138,110,ALLOW,0
40030,40186,6443,DENY,1
16101,16228,21,ALLOW,1
19898,19999,27017,ALLOW,1
22324,22596,6443,DENY,0
39547,39654,3389,ALLOW,0
20594,20595,6379,DENY,0
3848,4113,110,ALLOW,0
6736,6916,53,DENY,1
21440,21941,443,DENY,1
31933,32227,9200,ALLOW,1
5225,5378,21,ALLOW,1
48008,48125,8080,ALLOW,0
43392,43642,443,ALLOW,1
5204,5604,21,ALLOW,0
58546,58868,6443,ALLOW,0
13205,13237,21,ALLOW,0
6625,7408,3306,ALLOW,0
17801,18045,9200,ALLOW,0
10496,10622,5432,ALLOW,1
6159,6504,5000,ALLOW,1
32159,32240,6443,ALLOW,0
1760,1909,2379,ALLOW,1
23270,23289,3389,DENY,0
7045,7116,2222,ALLOW,1
42326,42357,110,DENY,1
49093,49238,25,ALLOW,1
4676,4735,9200,DENY,1
58175,58311,4443,ALLOW,0
3377,3433,8080,ALLOW,0
16772,16863,8080,ALLOW,0
53128,53218,9200,ALLOW,1
8861,9010,2222,DENY,1
59103,59197,8888,DENY,0
47069,47104,21,ALLOW,0
22326,22567,9000,ALLOW,1
33336,33392,3306,ALLOW,0
8615,8665,443,ALLOW,0
26226,26334,5000,ALLOW,1
2498,2929,4443,DENY,0
7638,7674,53,DENY,0
45981,46087,3389,ALLOW,0
48200,48265,2379,DENY,0
28940,29056,27017,DENY,0
9885,9901,21,DENY,0
13398,13524,21,ALLOW,1
19778,19982,8443,DENY,1
57840,57933,110,DENY,1
50250,50681,4443,ALLOW,0
39877,39917,3306,DENY,1
15325,15676,5432,ALLOW,0
4134,4212,8443,ALLOW,1
30450,30791,6443,ALLOW,0
48973,49130,10250,DENY,0
58607,58854,9000,ALLOW,0
26003,26368,10250,DENY,0
11394,11512,5432,ALLOW,0
19355,19391,6443,DENY,0
20061,20091,21,DENY,0
49103,49259,53,DENY,0
45318,45319,8080,ALLOW,0
28483,28595,110,ALLOW,0
45097,45163,22,DENY,0
58674,58851,8888,ALLOW,0
21270,21617,53,DENY,0
39010,39104,6379,ALLOW,0
43541,43605,27017,DENY,1
44892,45039,5000,DENY,0
19723,19925,8080,ALLOW,0
7270,7285,22,DENY,1
49025,49112,5000,ALLOW,0
3536,3596,8443,ALLOW,1
35666,35733,4443,DENY,1
30535,30640,6443,ALLOW,1
21305,21558,53,ALLOW,1
23087,23177,5432,DENY,1
17293,17361,21,ALLOW,0
29973,30284,3306,ALLOW,1
14763,15183,3389,ALLOW,0
34852,35619,25,ALLOW,0
34617,34704,6443,DENY,0
13896,14142,443,ALLOW,1
28287,28950,53,ALLOW,0
1356,1363,2379,ALLOW,0
40061,40180,1433,ALLOW,1
29131,29224,8443,ALLOW,0
916,969,53,DENY,0
32289,32317,5432,ALLOW,0
3782,3880,21,DENY,0
59351,59397,21,DENY,0
38470,38656,6379,ALLOW,1
57475,57557,8443,DENY,1
17621,17647,9200,ALLOW,0
6523,6548,8000,ALLOW,0
35025,35157,10250,ALLOW,0
47028,47367,8888,ALLOW,0
57197,57606,80,ALLOW,1
2429,2482,25,ALLOW,1
13788,13845,443,ALLOW,0
62861,62916,22,DENY,0
49535,49662,5000,DENY,1
37480,37724,3389,DENY,1
37475,37563,4443,DENY,0
44613,44740,21,ALLOW,1
28871,29048,9000,ALLOW,1
44469,44888,21,DENY,0
27464,27567,80,DENY,0
56533,56685,3306,ALLOW,0
27242,27248,4443,ALLOW,1
17606,17646,80,DENY,1
7137,7294,9200,DENY,0
3026,3068,25,ALLOW,1
50431,50525,21,ALLOW,1
2817,2895,8000,ALLOW,0
58722,58767,53,ALLOW,1
3969,4086,2379,DENY,1
53880,54076,2379,DENY,1
2876,2959,1433,DENY,0
25676,26123,8443,DENY,0
32676,32776,5432,DENY,0
48599,48604,21,ALLOW,0
17552,17574,443,ALLOW,1
38720,38757,9200,DENY,0
41628,41960,21,ALLOW,1
46431,46497,6443,DENY,1
5185,5319,8000,ALLOW,1
26756,27230,3389,ALLOW,1
24201,24239,1433,ALLOW,0
31648,31822,3306,DENY,0
41010,41070,53,ALLOW,0
24159,24456,8000,DENY,1
9013,9322,8000,DENY,1
19466,19734,25,ALLOW,0
6256,6293,5000,DENY,1
58797,59170,8443,DENY,0
10400,10598,9200,DENY,1
26415,26430,443,DENY,1
1365,1577,5000,ALLOW,1
9841,10220,25,ALLOW,1
44990,45091,3389,DENY,1
35386,35417,5432,ALLOW,0
50237,50407,6443,DENY,0
44972,44990,443,ALLOW,0
57606,57771,8080,ALLOW,0
26832,26987,8080,ALLOW,0
46469,46699,22,ALLOW,1
12059,12094,6379,DENY,0
11537,11591,3306,DENY,1
48821,48969,8080,ALLOW,0
52759,52920,8443,DENY,1
18925,18987,2379,ALLOW,0
31635,31708,4443,ALLOW,0
46742,46745,80,DENY,0
8473,8501,8080,DENY,0
26109,26477,4443,DENY,1
52756,52799,5000,DENY,1
56122,56296,22,ALLOW,0
30370,30453,5000,DENY,1
6127,6242,3306,DENY,1
30497,30781,1433,ALLOW,1
53532,53637,443,DENY,1
12771,12791,6379,ALLOW,0
36853,37049,2222,DENY,0
30496,30531,25,DENY,1
54868,55048,2379,DENY,0
21146,21239,1433,ALLOW,1
40236,40555,9000,DENY,1
34732,34862,10250,ALLOW,0
6439,6662,1433,ALLOW,0
34739,35242,8888,ALLOW,1
44160,44608,9200,ALLOW,0
26674,26860,53,DENY,0
7031,7140,2222,ALLOW,1
2346,2433,443,ALLOW,1
9852,9869,21,DENY,0
13580,13646,8080,ALLOW,0
42963,43041,10250,DENY,0
24551,24626,9200,DENY,0
13042,13241,6379,DENY,1
28026,28250,443,ALLOW,0
16158,16331,9200,DENY,0
21259,21433,25,ALLOW,0
5777,5934,10250,DENY,1
25116,25650,6443,ALLOW,1
40497,40615,25,ALLOW,1
12185,12283,2379,DENY,1
24218,24315,2222,ALLOW,1
12891,12910,6379,DENY,0
25773,26007,53,DENY,1
22017,22041,443,ALLOW,0
23847,23957,9000,ALLOW,1
46397,46473,9200,ALLOW,0
49786,49820,1433,DENY,0
9700,9703,9200,DENY,1
20550,20686,6443,ALLOW,0
5350,5637,110,ALLOW,0
26344,26530,8888,DENY,0
32312,32457,5432,ALLOW,0
37980,38033,8888,DENY,0
27169,27184,5432,DENY,0
35713,36057,8000,ALLOW,0
6598,6650,2379,DENY,0
50600,50713,9000,DENY,1
28625,29100,53,ALLOW,0
35418,35600,27017,ALLOW,0
4108,4257,6443,ALLOW,0
12438,12505,5000,DENY,0
39702,39720,25,DENY,1
36340,36639,25,ALLOW,0
58364,58864,4443,ALLOW,0
27264,27341,10250,ALLOW,1
52834,52944,8888,DENY,1
43518,43820,110,ALLOW,0
43738,43965,6443,DENY,0
25336,25409,10250,ALLOW,0
28065,28340,8080,DENY,1
51037,51277,3306,DENY,0
1569,1609,6379,DENY,0
54297,54317,1433,ALLOW,1
6942,7083,80,ALLOW,1
41439,41484,27017,ALLOW,1
16190,16632,53,ALLOW,0
41310,41879,27017,DENY,1
9031,9094,1433,ALLOW,0
53339,53673,5432,DENY,0
39611,39676,5000,DENY,1
7437,7476,9000,ALLOW,1
35705,35809,8443,DENY,1
43587,43701,443,ALLOW,1
13392,13445,2222,DENY,0
55118,55168,6443,DENY,0
52334,52376,9000,DENY,1
46252,46270,2222,ALLOW,0
6814,6917,8080,DENY,1
5035,5093,10250,DENY,1
40522,40719,8000,ALLOW,0
6569,6903,8888,ALLOW,0
16380,17034,1433,ALLOW,1
8316,8413,3389,ALLOW,0
54817,54946,9000,ALLOW,1
18885,18956,8443,ALLOW,0
9967,10086,6379,ALLOW,1
25646,25738,6443,DENY,1
27606,27684,21,ALLOW,0
8266,8354,27017,ALLOW,0
33859,34037,80,ALLOW,1
6795,7031,6379,ALLOW,1
18768,18790,80,DENY,0
447,862,22,ALLOW,1
56662,56739,110,DENY,1
34604,34654,53,DENY,1
53626,53668,21,DENY,0
17435,17598,6443,DENY,1
47360,47491,9200,ALLOW,1
33942,33962,8888,ALLOW,0
64679,64706,6443,DENY,0
34197,34774,27017,ALLOW,1
17386,17481,3306,ALLOW,1
48207,48380,25,ALLOW,1
49007,49022,8080,ALLOW,1
18773,18834,8443,DENY,0
56950,57053,10250,ALLOW,0
42961,43519,25,DENY,1
11283,11616,3306,ALLOW,0
54358,54571,25,ALLOW,0
818,894,53,ALLOW,0
42016,42125,443,ALLOW,0
21955,22400,1433,ALLOW,0
12850,13116,110,ALLOW,0
58600,58740,3389,DENY,0
41050,41218,5432,ALLOW,0
3049,3618,8000,ALLOW,0
37775,37963,6443,DENY,0
17863,18207,9000,DENY,1
41684,41861,4443,ALLOW,0
17939,18028,2222,DENY,0
49733,50284,5432,ALLOW,1
23033,23078,8888,ALLOW,0
45345,45424,8888,ALLOW,0
33172,33414,3306,DENY,1
23640,23672,53,DENY,0
37553,37947,9200,ALLOW,0
6639,6667,4443,ALLOW,0
26110,26182,6379,ALLOW,0
41769,42200,10250,DENY,0
49215,49230,8888,ALLOW,0
3862,3919,8888,DENY,0
37873,37947,8888,DENY,0
20100,20135,3306,DENY,0
53647,53722,25,ALLOW,0
40596,40782,8443,DENY,0
44732,45205,3306,DENY,0
55288,55308,53,ALLOW,0
40672,40705,6443,ALLOW,1
49453,49976,10250,ALLOW,1
60011,60361,5432,DENY,1
43733,43914,6443,DENY,1
47244,47343,21,DENY,0
21137,21364,8888,ALLOW,1
4635,4679,443,DENY,1
24932,25319,9200,DENY,1
3014,3208,443,ALLOW,1
15740,15807,22,DENY,1
39547,39633,6443,ALLOW,0
6570,6895,8888,DENY,1
40963,41183,8888,DENY,0
49630,49842,25,DENY,0
19377,19705,53,ALLOW,0
31656,31843,3306,DENY,1
51242,51334,6379,DENY,1
34125,34206,8888,ALLOW,1
3486,3983,3306,DENY,0
40864,40960,8443,DENY,0
59753,59844,8888,DENY,1
32772,32790,10250,ALLOW,0
24552,24714,8080,ALLOW,0
23092,23144,5432,DENY,1
27289,27360,6379,DENY,0
20496,20528,3389,ALLOW,0
3002,3452,25,DENY,1
49625,49791,25,ALLOW,1
11211,11397,10250,ALLOW,0
40403,40544,22,ALLOW,1
49950,50051,25,DENY,1
35161,35597,9200,ALLOW,0
34819,35096,4443,ALLOW,0
15066,15250,443,DENY,1
57360,57483,53,DENY,0
24028,24086,8000,DENY,0
43450,43468,110,DENY,0
57293,57584,8080,ALLOW,1
31172,31253,2222,DENY,1
19845,19928,22,DENY,1
42104,42267,80,DENY,1
40676,40728,6443,ALLOW,1
50769,50946,5000,DENY,0
12970,13280,6379,ALLOW,0
28390,28631,2222,DENY,1
31258,31700,2379,ALLOW,0
50862,50927,5432,DENY,0
58584,58701,8888,ALLOW,0
5199,5226,25,DENY,0
20286,20429,2222,DENY,0
58514,58582,1433,DENY,0
7584,7608,22,ALLOW,0
6944,7070,4443,ALLOW,1
53980,54015,6443,DENY,0
2100,2263,3306,DENY,1
28898,29042,3306,DENY,0
45169,45339,1433,DENY,1
57335,57389,5432,ALLOW,0
35319,35876,3389,ALLOW,1
22445,22511,3389,DENY,1
19317,19431,8888,ALLOW,0
16155,16489,2222,DENY,0
45267,45355,8443,ALLOW,0
9643,9823,27017,ALLOW,0
50396,50651,5000,ALLOW,1
58219,58342,1433,ALLOW,0
50258,50352,22,DENY,0
47174,47522,22,ALLOW,1
23676,24002,22,ALLOW,1
3532,4270,8888,ALLOW,0
22778,22839,8080,ALLOW,1
1813,1917,21,ALLOW,0
4048,4127,443,ALLOW,0
16140,16210,8000,ALLOW,0
43193,43279,22,ALLOW,0
55348,55389,27017,ALLOW,0
43371,43400,10250,DENY,1
29183,29244,80,DENY,0
20628,20677,8443,ALLOW,1
13307,13406,2222,DENY,0
40368,40641,443,ALLOW,1
12123,12283,4443,DENY,0
11715,11878,22,ALLOW,0
58860,58974,8443,DENY,1
21555,21605,443,ALLOW,0
8640,8921,2379,ALLOW,1
4125,4245,6443,ALLOW,0
38822,38877,2222,ALLOW,0
58628,58860,6443,DENY,1
4516,4647,22,ALLOW,0
46211,46314,2222,ALLOW,0
41422,41482,27017,ALLOW,1
6429,6620,1433,DENY,1
26921,27301,4443,DENY,1
1616,1809,21,DENY,1
58840,58888,80,DENY,1
39311,39415,5432,DENY,1
38334,38431,80,DENY,0
32324,32368,8000,ALLOW,0
2315,2425,8080,DENY,0
52410,52520,2222,ALLOW,1
22103,22124,4443,DENY,0
30106,30287,2379,ALLOW,1
22440,22513,3389,DENY,1
47060,47258,53,ALLOW,0
47135,47584,2222,ALLOW,0
3568,3727,5000,DENY,1
3298,3552,2379,DENY,0
25888,26233,21,ALLOW,1
17013,17630,80,DENY,1
14963,15031,25,ALLOW,0
5115,5193,10250,DENY,1
26888,26949,3389,DENY,1
25414,25488,6443,DENY,0
17588,17593,9200,DENY,0
6569,6965,2379,ALLOW,0
50614,50744,6443,ALLOW,1
12435,12587,3306,DENY,1
13606,13686,21,DENY,0
41750,41939,53,ALLOW,0
35535,35635,2222,DENY,0
2802,2856,9000,DENY,1
38148,38168,21,ALLOW,1
4106,4566,3389,DENY,0
18835,19069,53,ALLOW,0
26578,26590,22,DENY,0
30401,30716,9000,ALLOW,1
43410,43544,21,ALLOW,1
11597,11847,8080,DENY,1
53988,54200,110,ALLOW,0
15825,16178,21,ALLOW,0
21098,21647,2222,ALLOW,0
51417,51461,9200,DENY,1
27803,27831,22,DENY,0
58000,58470,2379,ALLOW,0
47732,48285,27017,ALLOW,1
250,444,8080,ALLOW,0
7428,7498,9000,ALLOW,1
56551,56861,6443,ALLOW,0
5616,5947,25,DENY,1
37261,37491,8000,DENY,0
13698,13992,2379,ALLOW,1
5739,6255,22,DENY,1
39376,39426,8443,ALLOW,0
35310,35566,27017,DENY,1
37832,37887,1433,DENY,1
28878,29184,8443,DENY,1
53295,53341,9200,ALLOW,0
40261,40369,110,ALLOW,1
58719,58815,8888,DENY,1
37651,37765,6443,ALLOW,0
12572,12607,6379,ALLOW,0
43039,43391,25,ALLOW,1
41051,41207,21,ALLOW,0
40691,40780,4443,DENY,0
5675,5963,80,DENY,0
10054,10055,5432,ALLOW,0
24475,24650,8888,DENY,0
37166,37279,3389,ALLOW,1
35387,36085,22,ALLOW,0
33682,33707,27017,DENY,1
12143,12206,9200,ALLOW,1
1772,1899,2379,ALLOW,1
19744,19797,110,DENY,1
22289,22462,6443,ALLOW,0
11855,11946,9200,DENY,0
48939,49024,27017,DENY,1
46103,46125,443,ALLOW,0
58764,59015,6443,DENY,1
40996,41089,6443,DENY,0
5264,5384,4443,ALLOW,1
46734,46887,3389,DENY,0
28349,28374,110,ALLOW,0
21732,22067,25,DENY,1
14960,15043,25,DENY,1
27463,27662,9000,ALLOW,1
54826,54845,3389,ALLOW,0
12946,13314,8888,ALLOW,0
48041,48222,8080,DENY,1
62551,62620,10250,ALLOW,0
11682,12002,25,ALLOW,0
40886,41020,5432,ALLOW,1
28418,28887,110,ALLOW,0
43824,43876,110,DENY,0
2662,2887,22,DENY,1
56571,56686,3389,DENY,0
31614,31635,6379,ALLOW,1
53096,53233,9200,DENY,0
2605,2618,3389,ALLOW,0
3190,3238,6443,ALLOW,0
22407,22553,6443,DENY,1
41712,42092,6443,DENY,0
17088,17184,9200,ALLOW,1
23961,24148,110,DENY,1
3029,3187,443,ALLOW,1
33977,34060,53,ALLOW,0
6936,6984,5000,DENY,0
14219,14388,5432,ALLOW,1
22295,22432,8888,ALLOW,1
10642,11307,6443,ALLOW,1
26436,26565,80,ALLOW,0
34113,34276,9200,DENY,1
47763,47805,5000,DENY,0
444,541,4443,ALLOW,0
53408,53499,3389,ALLOW,0
58104,58418,2379,DENY,1
30942,31207,10250,DENY,1
59346,59387,6379,ALLOW,0
22334,22426,8888,ALLOW,1
58994,59032,8443,ALLOW,0
3189,3653,9200,DENY,0
17837,17884,53,ALLOW,1
2335,2399,443,DENY,0
18100,18189,1433,DENY,1
8378,8474,3306,DENY,1
40259,40310,2379,ALLOW,0
37958,37974,3306,DENY,0
32983,33147,25,DENY,0
51825,51871,5000,DENY,1
7091,7247,27017,DENY,1
54406,54459,53,ALLOW,0
104,126,3306,ALLOW,0
40596,40695,8080,ALLOW,1
52679,52763,8000,ALLOW,1
26760,26897,9200,ALLOW,1
58715,58756,53,DENY,0
3234,3649,9200,ALLOW,1
39461,39628,25,ALLOW,0
248,439,9000,DENY,0
34870,35164,80,DENY,1
19985,20041,110,DENY,1
8731,8848,3306,ALLOW,0
6850,6941,5000,DENY,0
20212,20860,443,ALLOW,0
53561,53752,3306,DENY,1
54041,54048,3306,DENY,0
41090,41118,8080,DENY,0
24722,25344,5432,ALLOW,0
36115,36116,110,ALLOW,1
310,526,21,ALLOW,1
59776,59830,80,ALLOW,0
33903,34190,9200,DENY,1
3103,3111,3306,DENY,0
14169,14259,4443,DENY,0
36679,36975,8443,ALLOW,1
11016,11017,25,ALLOW,0
9152,9172,110,ALLOW,0
3723,3909,9200,DENY,1
1009,1133,9000,DENY,1
33483,33629,8443,ALLOW,1
31565,31592,22,DENY,1
21095,21497,3306,DENY,0
37491,37688,110,DENY,0
33336,33394,3306,DENY,1
16602,16611,27017,ALLOW,0
17116,17620,8080,ALLOW,0
31729,31872,3389,ALLOW,1
5532,5564,3306,DENY,0
53173,53481,9000,DENY,1
54970,55003,27017,DENY,0
22141,22213,5000,DENY,1
8913,9089,9200,DENY,0
34049,34528,53,ALLOW,0
47123,47445,5432,ALLOW,1
16277,16344,5432,ALLOW,0
56976,57354,9200,DENY,0
44148,44186,5432,DENY,0
21225,21583,2222,ALLOW,0
18421,18440,110,ALLOW,1
20367,20407,5000,DENY,0
10616,10726,27017,DENY,0
44313,44571,4443,DENY,1
3947,4117,4443,DENY,1
41639,41812,6443,ALLOW,1
27005,27145,8888,DENY,1
56170,56255,3306,DENY,1
4831,4900,443,DENY,0
26481,26569,443,DENY,1
19703,19891,2379,DENY,1
48902,48972,9200,DENY,0
54686,54821,4443,DENY,1
36508,36569,1433,DENY,0
9988,10291,25,DENY,1
30931,31021,9200,ALLOW,0
25538,25694,2379,DENY,0
36626,36968,3306,ALLOW,0
26370,26389,5432,DENY,1
41886,42001,21,ALLOW,1
35415,36057,22,DENY,1
10289,10330,8443,DENY,0
48582,48649,6379,DENY,0
34680,34847,27017,ALLOW,0
40094,40300,5000,DENY,1
20760,20825,10250,ALLOW,0
49586,49627,22,DENY,0
37182,37271,3389,ALLOW,1
202,502,22,DENY,1
44487,44561,3389,DENY,0
53350,53414,2379,DENY,0
46093,46357,9200,DENY,0
33407,33898,8000,ALLOW,0
34627,34659,6443,ALLOW,1
3708,4071,5000,DENY,0
48060,48742,80,DENY,1
28324,28454,4443,ALLOW,1
7080,7369,22,ALLOW,1
57056,57139,9200,DENY,1
13224,13252,3306,DENY,0
23826,23910,2379,DENY,1
50643,50831,21,DENY,0
49832,49863,110,DENY,0
2930,3080,3306,ALLOW,1
9722,10134,8000,ALLOW,1
52881,52991,53,ALLOW,0
51797,51972,6443,DENY,0
20500,20549,9000,ALLOW,1
11249,11314,3306,DENY,0
19265,19327,2222,ALLOW,0
8560,8613,443,ALLOW,0
25940,25978,6443,ALLOW,0
51149,51421,5000,ALLOW,1
36964,37139,8000,DENY,1
9984,10095,8443,DENY,0
17196,17208,6379,DENY,1
24081,24400,8000,DENY,1
39071,39106,10250,ALLOW,1
33496,33499,6379,DENY,1
32590,32964,5000,ALLOW,1
44129,44450,3306,ALLOW,1
53780,53833,2222,DENY,0
19812,19872,10250,ALLOW,0
37148,37255,8443,DENY,1
24992,25478,22,ALLOW,0
46359,46563,2222,DENY,0
30152,30485,53,DENY,1
49692,50353,5432,ALLOW,0
46173,46211,4443,ALLOW,0
54787,55042,80,DENY,1
835,1520,6379,ALLOW,0
33840,34250,9000,DENY,1
47332,47660,21,ALLOW,1
44224,44367,6443,ALLOW,0
49178,49295,6443,ALLOW,0
36374,36907,2222,ALLOW,1
22927,22998,25,ALLOW,0
38298,38481,4443,DENY,0
9463,9525,3389,ALLOW,0
23887,24071,2379,DENY,0
10947,11172,5000,DENY,1
28152,28266,110,DENY,0
31508,31635,80,DENY,1
53010,53026,3306,ALLOW,0
41492,41807,2379,DENY,1
7042,7184,25,DENY,1
57371,57510,22,DENY,0
26683,27287,3389,ALLOW,0
4710,4771,8000,DENY,1
26549,27030,8000,ALLOW,0
59608,60060,3306,ALLOW,0
15841,16031,10250,ALLOW,1
58902,59002,6379,DENY,1
11782,11859,5000,DENY,1
18415,18463,8443,DENY,0
11855,11927,10250,ALLOW,1
29011,29513,8443,DENY,0
50190,50308,8888,ALLOW,1
1877,1923,27017,ALLOW,1
42436,42520,4443,DENY,0
17997,18061,4443,DENY,0
42475,42557,8000,ALLOW,1
44668,44888,3389,DENY,1
17111,17148,4443,DENY,0
46637,46717,21,ALLOW,1
10090,10095,1433,ALLOW,0
14521,14630,5000,DENY,1
8246,8275,21,ALLOW,0
44907,45065,8080,ALLOW,0
2194,2470,21,DENY,1
22527,22868,3389,DENY,1
30139,30343,3389,ALLOW,1
35468,35547,2379,ALLOW,1
38218,38325,5000,ALLOW,0
10546,10907,3306,DENY,0
23400,23895,8443,DENY,0
56201,56202,21,ALLOW,0
48810,48972,9200,ALLOW,0
49895,50051,21,DENY,0
60465,60515,5000,ALLOW,0
12232,12574,10250,ALLOW,1
47835,48133,2379,ALLOW,0
46666,46730,4443,ALLOW,1
42481,43134,2379,ALLOW,0
15855,15858,6443,DENY,1
40140,40328,27017,ALLOW,1
28935,29315,8888,DENY,0
54115,54355,25,DENY,1
12715,12782,8000,ALLOW,1
20458,20562,9000,DENY,0
22550,22955,1433,DENY,1
48212,48317,443,DENY,0
56240,56401,9200,ALLOW,1
9352,9586,6379,DENY,1
58357,58840,6379,ALLOW,0
10484,10661,2379,ALLOW,1
2437,2496,25,ALLOW,1
17015,17041,8888,DENY,0
55698,55753,4443,ALLOW,0
55919,56139,8000,ALLOW,0
2445,2455,3389,ALLOW,0
59858,59991,3389,ALLOW,0
17721,17764,10250,ALLOW,1
3688,3784,21,ALLOW,0
40458,40518,6443,DENY,1
5132,5201,53,ALLOW,0
17676,17895,1433,DENY,1
21233,21698,5000,ALLOW,0
2369,2417,3389,DENY,0
23424,23893,8443,ALLOW,1
20355,20519,3389,ALLOW,1
40084,40296,5000,DENY,1
14133,14244,27017,DENY,0
8103,8127,9200,ALLOW,0
52677,52710,4443,DENY,1
20040,20171,110,ALLOW,0
37913,37941,4443,DENY,0
3542,3609,9200,ALLOW,0
15875,15914,21,DENY,1
2963,2982,10250,ALLOW,1
56201,56374,25,DENY,0
39577,39628,3389,DENY,0
17310,17539,8888,ALLOW,0
2522,2638,6379,ALLOW,0
20340,20529,3389,DENY,1
44528,44793,27017,DENY,1
48287,48558,9000,ALLOW,0
14722,14755,25,ALLOW,0
30924,31012,9000,ALLOW,0
36706,37019,2379,ALLOW,0
51817,52053,9200,DENY,0
14133,14172,3389,DENY,1
8554,8652,27017,ALLOW,0
2048,2344,22,DENY,1
2492,2871,25,DENY,1
47486,47601,5432,ALLOW,0
56611,56714,22,DENY,1
6098,6515,9000,DENY,0
3042,3542,8888,ALLOW,0
9517,9622,53,DENY,1
9897,10108,21,ALLOW,0
24500,24740,8080,ALLOW,1
52453,52585,9000,ALLOW,1
52002,52041,3389,ALLOW,1
7148,7503,2379,DENY,1
17209,17210,6379,DENY,1
8837,9051,3389,DENY,1
4367,4466,443,DENY,1
57218,57351,9200,ALLOW,1
48752,48893,5000,ALLOW,1
37148,37249,2222,ALLOW,0
41236,41403,2379,ALLOW,0
30827,31207,443,DENY,1
19047,19348,3306,DENY,1
1398,1424,9200,ALLOW,1
22346,22436,8888,DENY,0
29039,29492,8443,ALLOW,1
32951,33036,27017,ALLOW,0
22625,22714,22,DENY,1
30062,30066,53,DENY,0
16606,16620,4443,ALLOW,0
58909,58999,6379,DENY,1
3171,3214,10250,ALLOW,1
15080,15096,4443,DENY,0
14735,14846,8443,DENY,0
56598,57026,8443,DENY,0
46121,46128,27017,DENY,0
3082,3157,2222,ALLOW,1
21172,21337,5432,DENY,1
59599,59608,4443,DENY,0
48681,48783,5000,DENY,1
23887,23964,8000,ALLOW,0
2066,2312,3306,ALLOW,0
43733,43772,22,DENY,0
24487,24537,80,ALLOW,0
42248,42305,2379,ALLOW,0
55359,55629,3306,DENY,0
42923,43022,3389,DENY,0
52572,52593,8000,DENY,1
16304,16553,53,DENY,1
42936,43018,5000,DENY,0
1328,1399,8888,DENY,0
31866,31892,22,DENY,0
8370,8469,3306,DENY,1
24807,24888,53,ALLOW,1
13414,13528,5000,DENY,1
31408,31441,80,ALLOW,0
53036,53159,2379,DENY,1
34271,34571,8443,DENY,1
23074,23434,9200,DENY,1
1364,1405,25,DENY,0
29566,29878,80,DENY,1
16711,16831,110,DENY,1
50459,50584,8000,ALLOW,1
34606,34644,8000,DENY,0
16749,16908,8888,ALLOW,1
12061,12144,1433,ALLOW,0
49964,50053,3306,DENY,0
30782,30824,21,ALLOW,0
31067,31182,8443,DENY,1
33766,33790,22,DENY,0
37741,37786,2379,DENY,0
38325,38388,110,DENY,0
24795,24879,1433,ALLOW,1
29708,29774,1433,ALLOW,1
1303,1650,8000,DENY,0
45297,45479,21,ALLOW,1
47710,47824,3389,DENY,1
13115,13153,10250,ALLOW,1
43341,43384,25,DENY,0
48682,49061,8443,DENY,1
29225,29339,8000,ALLOW,1
42437,42608,8000,DENY,0
20405,20462,25,DENY,0
51633,51766,5000,DENY,0
8192,8469,6379,ALLOW,0
19251,19383,8443,ALLOW,1
20098,20303,3306,ALLOW,1
37653,37966,1433,DENY,1
58907,59042,3306,ALLOW,1
64468,64530,2222,DENY,0
32538,32614,6379,ALLOW,1
38741,38789,6443,ALLOW,0
52338,52356,9000,DENY,1
6277,6431,4443,DENY,1
2974,3297,21,DENY,0
42183,42309,443,ALLOW,1
502,542,8888,ALLOW,1
53036,53079,8000,DENY,1
62829,62854,22,DENY,0
36864,36925,6379,ALLOW,0
51299,51433,8080,DENY,1
24203,24609,8080,ALLOW,0
55733,55740,4443,DENY,0
47029,47472,2379,ALLOW,0
54595,54716,6379,DENY,1
16083,16278,22,ALLOW,0
8449,8875,80,ALLOW,0
19608,19729,10250,ALLOW,0
6202,6255,1433,ALLOW,1
16295,16396,3306,DENY,1
7688,8106,443,DENY,0
38380,38381,10250,DENY,0
57050,57225,443,DENY,1
34495,34675,2222,DENY,1
25563,25665,21,ALLOW,0
15334,15376,110,ALLOW,0
18953,19148,2222,ALLOW,1
7215,7895,5432,DENY,1
21609,21642,80,DENY,1
26813,27074,2222,DENY,1
39024,39240,22,ALLOW,0
51479,51783,25,DENY,0
26419,26466,443,ALLOW,0
29691,29753,80,DENY,1
56694,56989,8443,ALLOW,1
31637,32110,9000,DENY,0
36855,37048,6379,DENY,1
6085,6254,3306,ALLOW,0
13244,13266,6379,ALLOW,0
34851,34892,22,ALLOW,1
10646,10705,21,DENY,0
49547,49865,2379,ALLOW,0
21880,21900,22,ALLOW,0
10877,11266,80,ALLOW,0
2967,3041,1433,ALLOW,0
47244,47347,6379,ALLOW,0
56498,56739,9200,DENY,1
33889,33958,8888,DENY,0
36291,36318,2379,ALLOW,0
55388,55607,3306,ALLOW,1
35994,36179,22,DENY,0
862,1268,8443,DENY,0
20997,21121,5432,DENY,0
5384,5424,2379,DENY,0
47442,47713,9000,ALLOW,0
12165,12628,10250,ALLOW,0
7296,7785,8080,DENY,0
41687,42339,80,ALLOW,0
57343,57537,8000,DENY,0
459,516,4443,DENY,1
22098,22135,5432,ALLOW,1
4355,4642,25,DENY,1
7709,8037,5432,ALLOW,1
10548,10591,21,DENY,0
34998,35008,22,ALLOW,0
58009,58049,3389,DENY,1
57818,58104,4443,ALLOW,0
22381,22414,2379,ALLOW,0
19027,19665,8888,DENY,1
61601,61643,3389,ALLOW,0
45874,45898,1433,DENY,0
20259,20576,1433,ALLOW,0
31100,31602,1433,DENY,0
16379,16398,10250,ALLOW,0
2732,2820,27017,ALLOW,0
51994,52014,25,DENY,0
42251,42277,1433,ALLOW,0
40934,40995,2222,ALLOW,0
58006,58030,2222,ALLOW,0
41696,41851,9200,ALLOW,0
45736,46077,6443,ALLOW,0
46373,46391,27017,DENY,0
43227,43631,21,DENY,1
6961,6987,10250,ALLOW,0
42515,43078,2379,ALLOW,1
284,442,2222,DENY,0
64397,64403,8888,DENY,0
37871,38061,2222,ALLOW,1
46938,46977,53,ALLOW,0
16764,16894,8888,ALLOW,1
42091,42495,6379,ALLOW,0
12701,12851,2379,ALLOW,1
50854,51070,5000,DENY,1
10569,10593,53,DENY,0
36373,36791,443,ALLOW,1
42506,42652,5000,DENY,0
18936,19005,3389,ALLOW,1
57484,57596,1433,ALLOW,1
40488,40513,6443,DENY,1
16876,17258,1433,ALLOW,0
35173,35253,9200,ALLOW,0
61904,61966,6443,DENY,0
49511,49717,5000,ALLOW,0
16344,16588,21,DENY,1
38904,38974,9000,DENY,0
563,723,5000,DENY,0
32992,33077,3306,DENY,1
7044,7122,8000,DENY,0
55261,55724,8000,DENY,0
30831,30903,6379,ALLOW,0
8379,8427,21,DENY,0
9707,10167,8000,DENY,1
50105,50218,8000,DENY,0
30473,30526,2222,ALLOW,0
16366,17080,1433,DENY,1
58692,58936,4443,ALLOW,1
38328,38496,53,ALLOW,0
46592,46670,2379,ALLOW,0
30283,30344,2379,DENY,1
7712,7755,6443,DENY,1
41166,41400,5000,ALLOW,1
27089,27110,9000,DENY,0
34637,34683,9200,DENY,1
32455,32506,6443,DENY,0
32499,32644,110,ALLOW,1
31740,31810,3389,ALLOW,1
54600,54778,8080,DENY,0
28253,28329,443,DENY,0
59542,59602,3389,DENY,1
13900,14147,443,DENY,0
298,577,21,DENY,0
39448,39796,443,ALLOW,1
15660,15835,8000,DENY,1
24990,25065,5000,DENY,1
27491,27629,2222,DENY,1
7713,7977,6379,ALLOW,0
21417,21990,8000,DENY,1
37939,38132,3306,ALLOW,1
34867,35313,27017,DENY,0
22738,23013,8443,DENY,1
28668,28982,5432,ALLOW,1
31140,31189,22,ALLOW,1
30237,30300,10250,ALLOW,1
17331,17364,8080,DENY,1
17545,17610,110,ALLOW,0
42407,42555,3306,ALLOW,1
15217,15350,3306,DENY,1
36012,36142,9200,ALLOW,0
40128,40504,3389,ALLOW,0
13950,14084,25,ALLOW,0
34913,34988,110,DENY,1
34999,35071,3389,ALLOW,0
46969,46987,21,DENY,0
14728,15464,2379,ALLOW,0
34453,34724,1433,ALLOW,1
14609,14657,5000,ALLOW,0
51488,51611,8443,ALLOW,1
6425,6499,8888,DENY,1
31930,32061,3389,DENY,1
46463,46711,80,DENY,0
3130,3579,9000,ALLOW,0
22625,22883,6443,DENY,1
45523,45562,3389,DENY,0
54394,54620,27017,DENY,0
41177,41929,5432,ALLOW,0
22524,22623,8443,ALLOW,1
57481,57554,10250,ALLOW,0
7843,7929,9200,ALLOW,0
19185,19378,6443,ALLOW,0
63774,63791,2222,DENY,0
64852,64900,10250,ALLOW,0
14830,14870,6379,DENY,1
39370,39385,9000,DENY,0
34016,34069,4443,ALLOW,0
14770,14966,2379,DENY,0
14686,15042,110,ALLOW,0
46579,46650,443,ALLOW,0
54125,54279,1433,ALLOW,0
19202,19270,53,DENY,0
19440,19651,5000,ALLOW,1
24983,25246,9000,DENY,1
50348,50724,53,ALLOW,1
32827,32975,5432,DENY,1
6953,7064,80,ALLOW,1
43473,43846,1433,ALLOW,0
12850,12945,1433,DENY,0
55266,55323,3389,DENY,1
26103,26165,6379,DENY,1
60897,60947,3306,ALLOW,0
16687,16847,110,ALLOW,0
6170,6222,9000,ALLOW,0
14578,14671,22,DENY,1
6030,6401,10250,DENY,0
2213,2353,2222,ALLOW,0
38033,38184,9200,ALLOW,1
3913,4117,53,ALLOW,1
23718,23984,4443,ALLOW,1
7817,8002,22,ALLOW,0
1028,1104,4443,DENY,1
28956,29303,9000,ALLOW,1
668,720,5432,ALLOW,0
2907,3532,25,ALLOW,0
54702,54896,22,DENY,1
37160,37252,8443,DENY,1
54772,54949,8888,ALLOW,1
32749,32762,6443,DENY,1
26306,26401,5000,ALLOW,0
53932,53999,22,DENY,0
8886,8930,8443,DENY,0
1678,1759,27017,ALLOW,0
26432,26805,8888,ALLOW,0
56126,56557,9200,ALLOW,0
14809,14859,1433,ALLOW,0
53408,53477,6379,ALLOW,0
13622,13623,3306,DENY,0
34885,34940,3389,ALLOW,0
42414,42523,110,ALLOW,1
56690,57134,3389,ALLOW,0
42270,42324,21,DENY,0
42497,42531,9000,ALLOW,0
24037,24304,110,DENY,1
28771,29091,8000,ALLOW,0
50850,50928,53,DENY,0
39278,39468,6379,ALLOW,1
59278,59412,2379,DENY,1
4471,4521,443,DENY,0
25198,25470,4443,DENY,1
29887,30125,25,DENY,0
21586,21838,443,ALLOW,0
41993,42091,27017,ALLOW,0
33139,33257,5000,ALLOW,1
62939,62940,22,ALLOW,0
59995,60035,22,DENY,0
29211,29311,8000,ALLOW,1
7098,7290,10250,ALLOW,1
8185,8250,27017,ALLOW,0
28431,28698,6443,ALLOW,1
11968,12422,80,DENY,0
56099,56561,8000,ALLOW,0
37626,37826,10250,ALLOW,0
25504,25751,6379,DENY,1
35470,35579,2222,ALLOW,0
4075,4111,6443,DENY,0
25156,25379,8000,ALLOW,0
13584,13661,3306,DENY,1
9077,9196,5432,ALLOW,0
48472,48646,27017,DENY,1
40580,40890,80,DENY,1
23620,23672,3306,DENY,0
34642,34775,1433,DENY,1
16680,17014,6443,DENY,1
28969,29381,6443,ALLOW,0
25280,25306,80,ALLOW,0
5418,5757,2379,ALLOW,1
21362,21506,8000,ALLOW,0
12207,12310,6379,ALLOW,1
41738,42301,80,ALLOW,1
35967,35998,110,DENY,0
23920,24208,5000,ALLOW,0
3710,3937,9200,ALLOW,0
32859,32960,2222,DENY,1
41290,41332,21,ALLOW,0
33077,33220,6443,DENY,1
45100,45154,6379,ALLOW,0
47739,48063,5432,DENY,1
47962,48116,4443,DENY,1
57310,57428,3389,ALLOW,0
59537,59751,10250,DENY,1
47662,47708,4443,ALLOW,0
28596,28745,3389,DENY,1
35859,35938,5000,ALLOW,0
51274,51444,27017,DENY,0
4562,4647,27017,ALLOW,0
56284,56322,8000,ALLOW,0
55231,55245,5432,ALLOW,1
29498,29526,8080,DENY,0
11549,11601,3306,DENY,1
40579,40781,8888,ALLOW,0
48000,48790,80,ALLOW,0
3110,3154,443,DENY,0
51306,51412,8080,DENY,1
2608,2983,3306,ALLOW,0
10041,10085,53,ALLOW,0
28951,29076,5000,ALLOW,1
48708,48935,8888,DENY,0
41167,41485,2379,ALLOW,0
37235,37262,21,DENY,0
27397,27435,2379,ALLOW,0
8799,8908,8888,ALLOW,0
4431,4762,22,ALLOW,0
50047,50468,9000,DENY,1
481,858,3306,ALLOW,0
605,1010,443,DENY,1
22932,23319,27017,ALLOW,0
40375,40647,443,DENY,1
45236,45494,21,DENY,0
59428,59527,10250,ALLOW,1
40558,40658,10250,DENY,0
19494,19710,25,DENY,1
51861,52023,6443,ALLOW,1
46584,46603,6379,DENY,0
23674,23904,6379,ALLOW,1
51729,51786,6379,ALLOW,0
34118,34509,53,DENY,1
34671,34767,8000,DENY,1
41502,41538,6379,DENY,0
45148,45337,1433,DENY,1
9476,9481,6443,ALLOW,0
55289,55620,8000,ALLOW,1
54471,54671,1433,ALLOW,0
47210,47211,110,ALLOW,0
58324,58489,3306,DENY,1
6526,7135,8443,DENY,1
28354,28379,443,ALLOW,0
39671,39929,110,ALLOW,0
21787,21966,2379,ALLOW,0
32282,32879,25,ALLOW,0
14193,14380,5432,ALLOW,1
38003,38170,21,DENY,1
56097,56528,2379,DENY,0
30780,31013,9200,ALLOW,0
21653,21792,3306,ALLOW,1
15763,16464,9200,ALLOW,0
15474,15531,8443,DENY,0
56185,56530,2379,ALLOW,1
34996,35215,21,DENY,0
16494,16552,4443,DENY,1
1093,1178,8443,DENY,0
23965,24082,110,DENY,0
40157,40267,22,DENY,0
33051,33175,8080,DENY,1
11827,11858,9000,ALLOW,0
31054,31063,5432,ALLOW,0
29938,30207,10250,DENY,1
16757,17057,53,ALLOW,0
33367,33807,4443,DENY,0
10360,10411,4443,DENY,0
12550,12691,110,ALLOW,1
13587,13642,6379,ALLOW,0
41434,41485,27017,ALLOW,1
24236,24371,6443,DENY,1
11751,11864,80,ALLOW,1
50023,50067,1433,DENY,0
9926,10312,6443,ALLOW,1
478,513,2379,ALLOW,0
33963,34051,6443,DENY,0
58981,59028,8443,DENY,0
42239,42383,3389,DENY,1
56835,56967,53,ALLOW,1
28911,28963,9000,DENY,0
36036,36240,1433,ALLOW,1
34570,34928,3306,ALLOW,0
2620,2746,2379,DENY,1
44063,44164,10250,DENY,1
5833,5982,22,ALLOW,1
52763,52905,2222,ALLOW,1
133,548,22,ALLOW,0
58454,58566,9000,ALLOW,1
42113,42256,6443,ALLOW,0
34484,34669,2222,ALLOW,0
32864,33061,25,DENY,1
56751,57117,3389,DENY,1
17688,17881,443,DENY,1
36097,36166,1433,DENY,0
27748,27903,80,DENY,0
35332,35359,5432,ALLOW,0
26250,26337,1433,ALLOW,0
19802,19942,110,DENY,0
11738,11860,80,ALLOW,1
21799,21878,53,ALLOW,0
52236,52267,5432,ALLOW,0
49640,49696,6443,DENY,1
10397,10410,5432,ALLOW,0
19782,20315,443,ALLOW,1
7158,7354,22,DENY,1
15065,15125,2222,DENY,1
6860,6902,443,ALLOW,0
48538,48769,6379,ALLOW,1
35237,35398,8000,ALLOW,1
7619,7871,3389,DENY,0
25350,25517,110,DENY,1
30180,30496,53,ALLOW,1
29068,29666,8000,ALLOW,0
21367,21499,443,ALLOW,0
46305,46312,2222,DENY,0
36604,36760,1433,DENY,1
55750,56133,27017,DENY,0
17967,18003,27017,ALLOW,0
46389,46791,22,DENY,0
7648,7680,3306,ALLOW,0
44900,45038,27017,DENY,0
1026,1068,8080,DENY,0
52910,53055,22,ALLOW,1
14639,15016,53,ALLOW,0
34381,34658,8000,ALLOW,0
342,380,2222,DENY,0
1574,1764,22,DENY,0
57350,57518,443,DENY,1
59871,59908,10250,ALLOW,0
6621,6734,8888,DENY,0
33217,33877,8443,DENY,1
30310,30427,6443,DENY,1
36594,36654,443,DENY,0
23209,23229,27017,ALLOW,0
56424,56576,3389,DENY,1
36761,36989,27017,DENY,1
21270,21285,22,DENY,0
52330,52385,9000,DENY,1
12027,12196,8000,ALLOW,1
46926,47399,21,DENY,0
41254,41295,8000,ALLOW,0
35088,35212,8080,DENY,0
615,779,5432,DENY,0
12175,12772,2379,DENY,1
36298,36499,9000,ALLOW,1
29923,29998,443,ALLOW,0
6187,6240,1433,ALLOW,1
51427,51451,9200,DENY,1
51904,52170,2222,ALLOW,1
25777,25925,21,DENY,1
312,1032,4443,ALLOW,1
20848,21170,4443,ALLOW,0
1026,1090,8080,DENY,0
54859,54990,8443,DENY,1
17785,18270,9200,ALLOW,0
6989,7191,8000,DENY,1
7062,7085,27017,ALLOW,0
52524,52770,5000,DENY,1
40253,40358,110,ALLOW,1
8473,8502,8888,DENY,0
28903,29026,2222,DENY,0
35293,35442,22,ALLOW,0
53080,53170,110,DENY,1
30952,31380,110,DENY,1
1565,1763,2222,DENY,0
44713,44761,27017,ALLOW,1
31558,31855,8888,ALLOW,1
5468,5535,27017,ALLOW,0
2034,2104,5000,ALLOW,0
12006,12219,8000,DENY,1
20922,21063,443,DENY,0
41589,42002,21,DENY,0
6989,7071,2222,ALLOW,1
6428,6609,5000,ALLOW,0
9983,10078,6379,ALLOW,1
8680,8849,1433,ALLOW,0
45816,45916,2222,DENY,1
43578,43684,443,ALLOW,1
40020,40141,8443,ALLOW,0
7078,7420,22,DENY,0
40134,40187,27017,DENY,0
35566,35589,22,DENY,0
19085,19109,80,ALLOW,0
54648,54740,8080,ALLOW,0
11124,11451,4443,DENY,1
43430,43663,443,DENY,1
55885,55904,1433,ALLOW,0
63314,63356,6443,ALLOW,0
16973,17183,9200,DENY,1
12784,12859,27017,DENY,0
58003,58038,3389,DENY,1
37605,37969,1433,ALLOW,0
32505,32549,22,DENY,0
50152,50189,2379,ALLOW,1
45382,45448,3306,DENY,1
23713,23781,25,ALLOW,0
5634,5874,22,DENY,1
44864,44951,2222,DENY,0
23660,23967,6379,DENY,0
29124,29247,1433,DENY,1
16868,17002,53,ALLOW,0
10614,10988,9000,ALLOW,0
14260,14338,10250,ALLOW,0
166,920,80,ALLOW,0
42018,42453,27017,DENY,1
22885,22933,110,DENY,0
20667,21200,53,DENY,0
30702,30785,4443,ALLOW,1
36453,36527,6379,DENY,0
24633,24701,6379,ALLOW,0
5896,6136,8443,ALLOW,1
18428,18496,80,DENY,0
49149,49308,8888,ALLOW,1
27054,27176,8443,DENY,1
47998,48195,6443,DENY,0
19585,19655,9000,DENY,0
52998,53003,2222,ALLOW,0
58928,58980,25,DENY,1
40192,40470,27017,ALLOW,1
8421,8446,10250,DENY,0
38938,39019,2222,DENY,1
1296,1396,4443,ALLOW,0
5047,5057,53,ALLOW,1
58863,58996,8443,ALLOW,0
21565,21606,6379,ALLOW,0
32784,32909,8888,DENY,0
10374,10549,8443,DENY,0
35158,35203,110,DENY,0
50853,50925,25,DENY,1
687,937,4443,DENY,1
44067,44176,10250,DENY,1
29144,29524,4443,ALLOW,1
7251,7276,2379,ALLOW,1
45955,46081,2379,DENY,1
34910,35141,3306,DENY,1
43177,43318,5000,ALLOW,0
59374,59558,8443,DENY,1
38812,38850,5000,DENY,0
22856,22892,9200,DENY,0
39511,39686,1433,DENY,1
55439,55614,21,DENY,0
33899,34237,9200,ALLOW,0
24007,24490,8000,ALLOW,0
57020,57162,9200,ALLOW,0
34897,35553,25,DENY,1
17608,17644,3306,DENY,0
35489,35559,2222,DENY,1
27273,27376,3389,DENY,1
48138,48287,5432,ALLOW,1
44994,45087,22,DENY,0
14961,15008,5432,DENY,0
57068,57138,10250,DENY,0
52917,53042,22,ALLOW,1
54598,54709,6379,DENY,1
37860,37889,1433,DENY,1
35162,35330,9000,DENY,1
40857,41198,10250,DENY,1
40504,40551,10250,DENY,0
27527,27679,27017,DENY,0
34942,34983,8000,ALLOW,0
23271,23410,6379,ALLOW,0
8794,9556,2222,ALLOW,0
15936,16014,6379,ALLOW,1
10274,10470,443,ALLOW,1
57229,57263,10250,ALLOW,0
53296,53423,2379,ALLOW,0
16484,16541,4443,ALLOW,0
37308,37588,21,DENY,1
38951,39097,9000,DENY,1
35757,36206,21,ALLOW,0
10029,10446,443,ALLOW,0
54673,54737,3389,ALLOW,1
42516,42725,5432,ALLOW,0
24279,24510,22,ALLOW,0
59262,59292,5000,ALLOW,1
31549,31760,2222,DENY,0
38293,38403,4443,ALLOW,0
19398,19478,2379,DENY,0
50399,50582,8080,DENY,0
28194,28314,3306,ALLOW,1
20530,20795,3389,ALLOW,0
4852,4971,10250,DENY,0
24701,24801,8000,ALLOW,0
38671,38802,22,ALLOW,1
54462,54630,1433,DENY,1
7391,7483,6443,DENY,1
54634,54956,53,ALLOW,1
8721,9039,5432,DENY,1
39055,39257,22,DENY,0
18628,18958,5000,ALLOW,1
2759,3031,5000,DENY,1
25242,25324,10250,ALLOW,0
31736,31872,4443,ALLOW,0
29657,30259,21,ALLOW,1
63989,64042,25,ALLOW,0
40234,40313,3306,DENY,1
12488,12583,6443,ALLOW,1
30304,30359,22,ALLOW,1
27884,28024,1433,DENY,1
26003,26468,53,ALLOW,0
35076,35217,8080,ALLOW,1
7469,7589,53,ALLOW,0
38203,38326,6443,DENY,0
36540,36683,2222,DENY,1
39557,39644,3389,DENY,1
35317,35343,8888,ALLOW,0
29095,29100,9000,DENY,0
2005,2074,5000,ALLOW,0
2080,2343,22,ALLOW,1
34625,34744,6443,DENY,1
31798,31849,25,DENY,0
48567,48621,443,DENY,1
48508,48613,1433,DENY,0
17452,17695,80,DENY,1
26816,27272,3306,ALLOW,0
28810,28885,8888,DENY,0
7810,7994,6379,DENY,0
53946,53988,21,ALLOW,0
18994,19192,27017,DENY,1
30730,31065,1433,DENY,0
4631,4666,3389,DENY,1
29860,29919,1433,ALLOW,1
36102,36107,110,ALLOW,1
5208,5276,53,DENY,0
56704,56731,5000,ALLOW,0
21526,22223,2379,DENY,1
63253,63317,6443,ALLOW,0
25101,25665,6443,DENY,1
55769,55894,22,ALLOW,0
129,597,6443,ALLOW,0
30289,30751,9000,DENY,0
13556,13597,3306,ALLOW,0
15790,15940,2379,DENY,1
10396,10441,25,DENY,0
52403,52451,5432,ALLOW,0
18696,18744,21,DENY,1
45829,45920,1433,DENY,0
20953,20975,2379,DENY,0
39064,39125,10250,DENY,0
21422,21607,5000,DENY,1
13338,13737,53,ALLOW,0
8290,8326,3389,DENY,0
21223,21261,6443,ALLOW,0
12484,12563,6443,ALLOW,1
56894,57098,53,ALLOW,0
33965,34003,27017,ALLOW,1
40925,41243,9000,ALLOW,0
7809,8288,2379,ALLOW,1
32577,32966,5000,DENY,1
5658,5834,110,DENY,0
57480,57595,1433,ALLOW,1
29079,29160,5432,ALLOW,0
3016,3080,25,ALLOW,1
18783,18796,8000,ALLOW,0
29760,29874,2379,ALLOW,0
26069,26085,5000,ALLOW,0
5909,5913,5432,ALLOW,0
28503,28553,5000,DENY,0
57173,57273,21,ALLOW,1
44005,44420,27017,ALLOW,0
1863,2018,1433,ALLOW,1
3691,3907,10250,DENY,0
24789,25281,5432,ALLOW,1
50079,50121,3306,ALLOW,0
23464,23603,22,ALLOW,1
18968,19054,4443,DENY,1
51425,51550,21,DENY,0
44993,45273,10250,DENY,1
17659,17816,1433,DENY,1
23524,23612,80,DENY,0
29181,29225,2379,ALLOW,0
13629,13655,27017,ALLOW,1
16873,17015,2222,DENY,0
24338,24399,22,ALLOW,0
13634,13830,53,ALLOW,0
29061,29104,25,DENY,0
8587,8939,9000,DENY,1
26225,26463,1433,DENY,1
11942,11995,8888,DENY,0
47251,47510,2222,DENY,1
43317,43321,8888,DENY,0
17848,18176,9200,DENY,1
30893,30926,8443,DENY,1
28379,28445,8888,DENY,0
17969,17989,2379,ALLOW,0
23654,23752,3389,DENY,1
29714,29820,2222,ALLOW,0
24367,24480,5432,DENY,0
59420,59540,6443,ALLOW,1
59406,59535,6443,ALLOW,1
27398,27430,5000,ALLOW,0
59459,59460,25,ALLOW,0
49875,50090,2222,ALLOW,0
3581,3652,53,DENY,0
64551,64607,2379,DENY,0
10861,11077,10250,DENY,0
20328,20614,5000,DENY,1
19192,19423,2379,DENY,0
46052,46099,443,ALLOW,0
19812,19929,22,DENY,1
43730,43902,6443,ALLOW,1
29396,29857,5432,DENY,0
49198,49382,1433,ALLOW,1
53018,53077,8000,ALLOW,0
13154,13219,10250,DENY,0
29484,30143,8000,DENY,1
57544,57565,6379,DENY,0
13282,13311,3306,ALLOW,0
33765,34230,9000,ALLOW,0
33988,34053,53,DENY,1
10741,10760,6379,ALLOW,0
4900,4975,443,ALLOW,0
4951,4980,9000,ALLOW,0
30739,30757,8443,DENY,0
42430,42432,110,DENY,1
27541,27588,21,DENY,1
52083,52384,6443,DENY,0
50507,50881,6379,DENY,1
19751,20185,8000,ALLOW,0
26231,26277,5000,DENY,1
1721,1923,110,ALLOW,0
54726,54817,22,ALLOW,1
36140,36344,8443,DENY,0
53796,53819,8443,ALLOW,0
52785,52966,80,ALLOW,1
38619,38683,6443,DENY,0
41436,41976,8888,ALLOW,1
39767,39991,53,DENY,0
59016,59064,1433,ALLOW,1
22448,22806,3306,ALLOW,1
58949,58998,5000,DENY,0
6148,6168,8000,DENY,0
13064,13097,8080,ALLOW,0
5646,5676,80,ALLOW,0
40184,40685,9000,ALLOW,0
13102,13386,5000,DENY,0
35503,35548,2379,ALLOW,1
15082,15099,9000,DENY,0
42940,43168,22,ALLOW,1
12193,12255,4443,ALLOW,1
37872,37916,53,DENY,0
32458,32590,27017,DENY,1
35850,36416,3306,ALLOW,1
17412,17501,6443,DENY,0
22930,23013,9000,DENY,0
12986,13212,22,ALLOW,0
62223,62259,21,ALLOW,0
9581,9651,10250,DENY,0
38713,38757,5432,DENY,0
32181,32238,25,ALLOW,0
49966,50124,4443,ALLOW,0
36628,36703,27017,DENY,1
19042,19101,9200,ALLOW,0
41307,41836,27017,ALLOW,1
25135,25275,9000,ALLOW,1
11873,12128,10250,DENY,1
412,867,22,DENY,0
41652,41816,27017,DENY,0
1162,1230,4443,ALLOW,0
10893,10952,25,ALLOW,0
25386,25478,6379,ALLOW,1
11918,12265,8000,ALLOW,0
12044,12251,2379,DENY,0
42036,42444,27017,ALLOW,1
35634,35809,25,ALLOW,0
2289,2430,443,DENY,1
18459,18568,6443,ALLOW,0
48175,48340,9000,ALLOW,1
64095,64130,8000,DENY,0
39104,39181,6379,ALLOW,0
60833,60861,6443,ALLOW,0
28845,29298,25,ALLOW,1
16802,16993,3389,DENY,0
34844,35177,80,ALLOW,0
26677,26840,4443,DENY,0
12217,12771,2379,ALLOW,1
40995,41110,8443,ALLOW,0
27384,27475,1433,ALLOW,0
24890,25224,8080,ALLOW,0
34434,34471,443,ALLOW,0
19297,19414,25,DENY,1
23413,23738,5000,DENY,0
48301,48318,8080,ALLOW,1
6649,6659,22,ALLOW,0
55062,55314,53,DENY,1
14264,14459,4443,DENY,0
3547,3584,8443,ALLOW,1
14147,14184,3389,DENY,1
58617,58823,9000,DENY,1
12282,12507,110,ALLOW,1
1675,1690,9200,ALLOW,1
51772,51909,25,ALLOW,0
44915,44920,110,ALLOW,0
51805,51973,5432,ALLOW,0
33833,34417,8000,ALLOW,0
16081,16140,8888,ALLOW,0
16023,16226,8888,DENY,1
54642,54663,443,ALLOW,0
30585,30619,8888,DENY,1
38347,38536,443,DENY,0
31461,31624,21,ALLOW,1
10843,10973,5432,ALLOW,1
47319,47501,25,DENY,1
30641,30755,6443,ALLOW,1
52706,53174,8000,ALLOW,0
64075,64102,53,ALLOW,0
14762,15032,6443,DENY,0
42599,42693,443,DENY,1
30324,30364,8443,DENY,1
25765,25941,21,DENY,1
54296,54406,110,ALLOW,1
59318,59611,8443,ALLOW,0
6245,6324,8000,DENY,1
39840,39861,80,ALLOW,0
3809,4193,21,DENY,0
3896,3930,8888,DENY,0
23885,24078,80,ALLOW,0
14682,14962,8443,DENY,1
24429,24501,443,ALLOW,0
36930,37003,1433,DENY,0
23445,23643,25,DENY,0
12253,12265,25,ALLOW,0
28115,28397,22,ALLOW,1
11870,11944,4443,ALLOW,0
16321,16371,8000,ALLOW,0
36323,36398,2379,ALLOW,0
16505,16619,5432,ALLOW,0
36123,36378,8888,ALLOW,1
1770,2094,21,ALLOW,1
57909,57952,3389,ALLOW,0
6386,6466,2379,DENY,0
22250,22593,80,DENY,1
45942,46090,2379,DENY,1
18419,18447,110,ALLOW,1
28046,28226,2379,DENY,0
21088,21261,22,DENY,1
40718,40785,4443,ALLOW,1
53624,53672,5432,ALLOW,0
30193,30336,6443,ALLOW,1
39256,39277,80,ALLOW,0
26631,26757,9000,DENY,1
6253,6297,5000,ALLOW,0
21886,21895,3306,DENY,0
34014,34096,5000,DENY,0
17464,17542,110,DENY,1
56698,56709,80,DENY,1
48033,48203,3389,ALLOW,0
10644,10714,3306,ALLOW,1
59123,59220,22,DENY,1
6533,7128,8443,ALLOW,1
52764,52993,80,DENY,0
39517,39539,6443,DENY,0
51538,51961,110,DENY,1
50856,50918,25,DENY,1
1523,1938,5432,ALLOW,0
44483,45094,2222,DENY,1
42571,42717,443,ALLOW,0
43633,44236,443,DENY,1
25890,26344,443,DENY,0
29073,29224,3389,ALLOW,0
52370,52774,110,ALLOW,0
29420,29429,21,DENY,1
19026,19044,5000,DENY,0
12397,12587,3306,ALLOW,0
42992,43505,25,ALLOW,1
17608,17633,4443,DENY,0
38133,38294,3389,ALLOW,0
48290,48641,4443,DENY,0
59398,59540,6443,ALLOW,1
36313,36514,9000,ALLOW,1
32042,32112,9000,DENY,1
2605,2643,80,ALLOW,1
31412,31468,1433,ALLOW,0
21925,22014,443,ALLOW,0
17932,18316,3306,DENY,0
36277,36417,25,ALLOW,0
31085,31790,21,ALLOW,0
36156,36188,9200,ALLOW,0
25893,25922,5432,ALLOW,1
34099,34133,8888,ALLOW,0
31143,31169,110,DENY,0
24852,24854,5000,ALLOW,0
15288,15355,5432,ALLOW,0
29861,29916,8080,ALLOW,0
12899,12954,9200,DENY,1
2544,2581,8000,DENY,0
47779,48213,80,ALLOW,0
12119,12226,2379,ALLOW,1
23426,23891,9000,DENY,1
53007,53034,9200,ALLOW,0
43952,44118,5000,ALLOW,0
45890,46057,8888,DENY,0
12327,12500,5432,DENY,0
31592,31730,2222,ALLOW,1
57162,57198,4443,ALLOW,0
39539,39614,8443,ALLOW,1
10290,10317,8080,DENY,0
50410,50584,443,DENY,0
15169,15201,2379,ALLOW,0
2220,2372,9200,ALLOW,0
47972,48137,5000,DENY,1
10898,11033,2379,ALLOW,0
47511,47545,5432,DENY,0
34492,34602,8000,DENY,0
57048,57068,25,ALLOW,0
15098,15150,9200,DENY,0
58409,58818,6379,DENY,1
48776,48937,2222,DENY,1
27328,27509,2222,DENY,0
36006,36040,53,ALLOW,1
58750,58862,8000,ALLOW,0
20297,20579,1433,DENY,1
35535,35654,6379,DENY,1
3588,4182,8888,ALLOW,1
53377,53743,80,DENY,0
32002,32165,6379,ALLOW,0
58847,58866,80,ALLOW,0
253,367,4443,DENY,1
42975,43005,25,DENY,1
46943,47420,8443,ALLOW,0
3537,3600,8443,ALLOW,1
55942,56128,8000,DENY,1
6164,6223,8080,ALLOW,0
39258,39670,443,DENY,0
12808,13069,8888,ALLOW,1
11864,11908,8443,ALLOW,0
3019,3265,2222,DENY,1
20233,20755,110,DENY,1
38533,38624,8888,ALLOW,1
23276,23402,80,DENY,0
8764,8834,53,ALLOW,0
1322,1378,4443,DENY,1
28012,28354,8080,ALLOW,0
34036,34054,443,ALLOW,0
11157,11277,22,ALLOW,1
16013,16058,2222,ALLOW,0
16531,16708,5000,ALLOW,1
29440,29568,8888,ALLOW,0
52815,52925,2379,DENY,1
6006,6064,80,ALLOW,0
58252,58559,9200,ALLOW,0
583,1061,443,ALLOW,0
23823,23918,5432,ALLOW,0
16981,17698,80,ALLOW,0
3579,3590,4443,DENY,0
14755,14939,8443,ALLOW,0
23592,23813,3306,ALLOW,0
41366,41371,53,DENY,0
14124,14245,8888,DENY,0
51839,52247,2222,DENY,0
53067,53170,9000,ALLOW,0
7485,7949,9200,ALLOW,0
49571,49861,2379,DENY,1
32073,32543,53,ALLOW,0
21408,21498,110,ALLOW,0
41912,42322,10250,ALLOW,0
25504,25519,6379,ALLOW,0
49639,49889,9000,DENY,1
31755,31873,5000,DENY,0
20906,21578,8888,ALLOW,0
4470,4503,6443,DENY,0
17031,17204,3389,ALLOW,0
26688,26719,8888,ALLOW,1
22943,22948,5432,DENY,0
3383,3683,5432,DENY,1
40650,40712,6443,ALLOW,1
33413,33531,80,ALLOW,1
52945,53348,9200,ALLOW,0
21318,21319,5000,DENY,0
59679,59731,25,ALLOW,0
35323,35582,27017,ALLOW,1
5102,5115,9000,ALLOW,0
60379,60397,443,DENY,0
30829,30833,21,DENY,0
16591,16712,8000,DENY,1
37582,37651,2379,ALLOW,0
8592,8727,443,ALLOW,1
16132,16236,10250,DENY,0
54808,54825,9200,ALLOW,1
59524,59620,8080,DENY,1
39358,39468,110,DENY,1
44296,44848,9200,DENY,1
11920,12053,8000,ALLOW,0
12580,12613,25,DENY,0
24769,24815,6443,DENY,1
13775,13820,3389,ALLOW,0
2540,2591,3389,DENY,0
11058,11073,8443,DENY,0
32604,32635,443,ALLOW,0
9593,9628,4443,ALLOW,0
20180,20252,5432,DENY,1
17810,18152,2222,ALLOW,0
37417,37771,443,DENY,1
48254,48687,5000,DENY,0
30982,31375,110,ALLOW,1
10305,10439,10250,DENY,1
26404,26423,443,DENY,1
37461,37606,8888,DENY,0
18006,18043,3306,ALLOW,0
24995,25352,6443,ALLOW,1
16242,16275,10250,DENY,0
39930,40370,6443,ALLOW,0
34748,34810,5000,DENY,0
28885,28937,27017,DENY,0
22653,22678,6379,DENY,1
21632,21668,2379,ALLOW,0
43287,43466,3306,DENY,0
1707,2166,21,ALLOW,0
28237,28285,110,DENY,0
24304,24397,8888,DENY,1
6521,6928,2379,ALLOW,0
10397,10407,25,DENY,0
13147,13248,5000,ALLOW,0
17536,17559,443,ALLOW,1
45268,45386,110,DENY,0
10607,10741,10250,ALLOW,0
55116,55453,10250,DENY,1
49117,49276,1433,ALLOW,0
1977,2118,2379,ALLOW,0
20079,20187,8443,DENY,1
44459,44605,22,DENY,0
58425,58430,5432,ALLOW,0
5961,6042,1433,DENY,1
24432,24471,80,DENY,0
15312,15489,5000,ALLOW,0
47600,47722,110,ALLOW,1
28442,28621,25,DENY,1
15695,15788,3306,DENY,1
19445,19596,6379,ALLOW,0
53951,54029,2222,ALLOW,1
21589,21826,443,DENY,1
25207,25277,21,ALLOW,0
39607,39679,5000,DENY,1
14931,15378,4443,DENY,0
18546,18682,21,DENY,1
10715,10826,27017,ALLOW,1
33709,33751,8080,DENY,0
42573,42828,9000,DENY,1
35782,36467,3306,ALLOW,0
4391,4604,10250,DENY,1
33453,33822,21,ALLOW,1
53732,53888,8000,ALLOW,0
55220,55246,5432,ALLOW,1
16527,16564,5000,ALLOW,0
40795,41012,6379,ALLOW,0
13788,13955,6443,DENY,1
38021,38486,9000,ALLOW,0
41560,41561,6443,DENY,0
4236,4307,4443,ALLOW,0
26331,26633,21,ALLOW,1
36588,36772,25,ALLOW,1
60394,60423,6443,DENY,0
34714,35255,8888,DENY,1
52427,52764,110,DENY,1
16060,16061,8080,DENY,0
57034,57255,1433,ALLOW,0
32005,32053,4443,ALLOW,0
32212,32567,5000,ALLOW,0
63076,63108,5432,DENY,0
45343,45602,25,DENY,1
35402,35585,3306,ALLOW,0
19827,19840,443,DENY,0
52751,52938,4443,ALLOW,0
45156,45231,1433,DENY,0
12666,12689,3306,DENY,0
36511,36602,8080,ALLOW,0
48559,48599,3389,ALLOW,0
35665,35715,25,ALLOW,0
39608,39889,5000,ALLOW,0
46652,46750,4443,ALLOW,1
52353,52386,80,DENY,0
18910,18955,8080,DENY,0
55325,55358,22,DENY,0
39089,39326,25,DENY,0
45658,46019,5432,ALLOW,0
23030,23107,22,ALLOW,0
23654,23778,3306,DENY,1
29668,29754,6379,DENY,1
22656,22670,6379,DENY,1
28270,28318,1433,ALLOW,0
50848,51126,110,DENY,1
54315,54352,8443,ALLOW,0
35115,35191,3306,DENY,0
27716,27992,10250,DENY,1
30734,30862,21,DENY,0
35201,35243,6443,ALLOW,0
22878,22939,1433,DENY,0
22951,23453,9200,ALLOW,0
4135,4260,8443,DENY,0
12707,12778,8000,ALLOW,1
43402,43564,21,ALLOW,1
35411,35908,443,DENY,1
37858,37891,22,ALLOW,0
39469,39820,10250,DENY,1
49971,50090,4443,DENY,1
18972,19046,4443,DENY,1
51591,51624,3389,DENY,0
4832,4971,22,DENY,0
18490,18756,21,ALLOW,0
13001,13025,8443,DENY,0
39119,39244,6443,DENY,1
10018,10150,8080,DENY,0
59911,60118,27017,DENY,0
19287,19381,1433,ALLOW,1
51868,51894,8080,DENY,0
50951,50989,5432,ALLOW,0
10577,11348,6443,ALLOW,0
16491,16628,27017,DENY,1
6928,7046,4443,ALLOW,1
8680,8836,27017,DENY,0
26630,26757,9000,DENY,1
15222,15244,53,ALLOW,0
6506,6533,2379,ALLOW,0
10983,11114,80,ALLOW,0
55458,55565,9000,ALLOW,1
527,586,4443,DENY,0
45311,45433,6379,DENY,0
1695,1711,9200,ALLOW,1
35789,35848,5000,ALLOW,0
30655,30744,443,DENY,0
19135,19161,8888,ALLOW,0
32815,32965,5432,DENY,1
22705,23184,1433,ALLOW,0
5764,5765,25,DENY,0
48025,48223,8080,ALLOW,0
984,1094,8000,DENY,1
4599,4803,8000,ALLOW,0
13224,13261,9200,DENY,0
1067,1460,5000,DENY,1
49626,49705,6443,DENY,1
511,780,2379,ALLOW,0
32166,32541,53,DENY,1
19880,20032,27017,DENY,0
18156,18228,3306,DENY,0
20266,20304,27017,ALLOW,0
46987,47363,8443,ALLOW,1
26618,26983,8000,ALLOW,1
18888,19196,2222,ALLOW,0
56510,56532,8080,ALLOW,0
3023,3079,22,ALLOW,0
10295,10360,21,ALLOW,0
50156,50183,2222,ALLOW,0
32226,32717,3389,DENY,0
17503,17550,21,ALLOW,0
25521,25645,10250,DENY,0
55441,55607,27017,ALLOW,0
44883,44973,3306,ALLOW,1
13487,13550,8080,DENY,0
56119,56301,22,DENY,1
19411,19664,53,DENY,1
11577,11670,10250,ALLOW,0
55089,55454,10250,ALLOW,0
52209,52335,8443,ALLOW,1
44188,44251,8080,DENY,0
3972,4162,8080,ALLOW,0
47013,47515,5432,ALLOW,0
16470,16506,3389,DENY,1
36554,36703,2222,DENY,1
26082,26117,10250,DENY,0
33953,34093,9200,ALLOW,0
27326,27448,8443,DENY,1
1496,1838,8888,DENY,1
5677,5687,5432,DENY,0
33515,33543,3306,ALLOW,0
37613,38057,10250,ALLOW,1
15333,15510,6379,DENY,0
44451,44897,27017,ALLOW,0
24919,25097,9200,ALLOW,1
19410,19702,8443,ALLOW,1
38894,39125,9000,ALLOW,0
16459,16515,3389,ALLOW,0
39119,39188,8080,DENY,1
34416,34646,2222,DENY,1
46637,46723,21,ALLOW,1
34098,34274,9200,DENY,1
57826,58060,4443,DENY,1
4748,5172,22,ALLOW,1
24004,24183,4443,DENY,0
373,495,3306,DENY,1
31836,31912,2379,DENY,0
62009,62010,8888,ALLOW,0
18650,18703,9200,ALLOW,0
8738,9036,8000,DENY,1
20859,20896,9200,ALLOW,0
25162,25356,8000,DENY,1
37440,37727,443,ALLOW,1
10729,10792,2379,ALLOW,1
5250,5283,27017,ALLOW,0
4146,4530,3389,ALLOW,1
39066,39697,8000,ALLOW,0
59141,59350,5000,DENY,0
49124,49342,8888,DENY,1
31892,31990,2379,DENY,0
39974,40045,1433,DENY,1
35780,35829,6443,ALLOW,0
15854,15911,80,DENY,0
2471,2905,9000,ALLOW,0
30288,30295,27017,DENY,0
30462,31149,3306,ALLOW,0
27625,27698,8000,ALLOW,0
18170,18224,5432,ALLOW,0
23491,24285,5432,ALLOW,0
31305,31634,2379,DENY,1
22555,22972,6443,ALLOW,0
49011,49056,8888,DENY,0
18183,18528,3389,DENY,1
12676,13145,2379,DENY,0
9205,9494,80,ALLOW,0
47322,47586,1433,ALLOW,0
6312,6360,5000,DENY,0
16014,16254,8888,ALLOW,0
56463,56503,110,DENY,0
28336,28714,2222,ALLOW,0
6628,6814,443,DENY,1
55704,55749,9000,DENY,0
4357,4672,10250,ALLOW,0
18971,19416,27017,DENY,1
58910,59059,3306,ALLOW,1
9730,9798,8443,DENY,1
37473,37608,110,DENY,0
31905,32232,9200,DENY,0
47301,47466,5432,DENY,1
55515,55520,8080,DENY,0
46141,46178,10250,ALLOW,1
25562,25711,3389,DENY,0
22735,22974,4443,ALLOW,1
12118,12217,2379,ALLOW,1
12100,12160,2222,ALLOW,0
43198,43239,443,ALLOW,0
35229,35602,4443,DENY,0
26322,26438,2222,DENY,0
20433,20644,6379,DENY,1
32328,32842,25,DENY,1
20242,20739,110,ALLOW,1
22057,22096,6443,DENY,0
40186,40609,22,DENY,0
3473,3558,5432,DENY,0
49440,49701,80,ALLOW,1
31636,31839,3306,DENY,1
37667,37813,3306,ALLOW,1
41410,41998,8888,DENY,1
59143,59318,3306,DENY,0
53790,53808,8888,ALLOW,0
29721,29782,10250,ALLOW,0
53209,53351,25,DENY,1
19810,19825,27017,ALLOW,0
6430,6476,8888,DENY,1
36620,36640,2379,ALLOW,0
52208,52389,10250,DENY,1
23668,23713,27017,ALLOW,0
39290,39372,8080,DENY,1
43180,43316,5432,ALLOW,1
52114,52319,6443,ALLOW,1
54348,54464,2222,ALLOW,1
24153,24298,25,ALLOW,0
16083,16273,8000,DENY,0
33954,34036,2222,DENY,0
37175,37496,8888,DENY,1
30056,30171,2222,DENY,1
22369,22557,6443,ALLOW,1
11694,12090,443,ALLOW,0
48954,49205,9200,DENY,0
11959,12227,8080,DENY,0
40838,40957,25,DENY,0
24090,24099,8888,ALLOW,1
9850,9913,3389,DENY,1
61851,61912,53,ALLOW,0
42227,42289,110,DENY,0
809,1311,8080,DENY,0
6800,6989,8000,DENY,1
40043,40183,1433,ALLOW,1
34520,34528,22,DENY,0
8592,8714,443,ALLOW,1
21431,21492,110,DENY,1
5711,6138,8888,ALLOW,0
719,796,5432,DENY,0
35914,36095,2222,DENY,0
39854,39937,21,ALLOW,0
39635,39669,5000,DENY,1
11685,11857,2379,DENY,0
15737,15985,2379,ALLOW,0
46518,46570,10250,DENY,0
25657,25690,8080,DENY,1
4507,4672,22,DENY,1
3841,4165,53,DENY,0
42309,42375,2379,DENY,1
37155,37222,443,ALLOW,0
20178,20312,9200,DENY,1
32276,32496,5000,DENY,1
42519,43106,2379,DENY,1
19332,19362,6443,DENY,1
31175,31258,2222,DENY,1
47270,47444,8888,ALLOW,1
57215,57243,5432,ALLOW,1
6626,6744,27017,DENY,0
2974,2981,10250,ALLOW,1
50563,50933,9200,DENY,1
29529,29575,5432,ALLOW,1
50048,50307,2379,ALLOW,0
32270,32567,8080,ALLOW,0
21678,21831,53,ALLOW,0
22218,22309,8888,DENY,0
42186,42312,443,ALLOW,1
11793,11855,8443,DENY,0
44967,44996,2379,DENY,0
34814,34857,6379,DENY,1
50572,50606,4443,ALLOW,0
43615,43675,8080,DENY,1
45841,45942,2222,DENY,0
4519,4563,27017,DENY,0
41439,41537,27017,DENY,1
46183,46230,443,DENY,1
28376,28412,3389,ALLOW,0
14052,14344,3389,ALLOW,1
22411,22802,3306,DENY,1
23978,24187,5000,DENY,1
50728,50782,1433,ALLOW,0
2882,2901,8080,DENY,0
36679,36738,9000,ALLOW,0
41597,42032,25,ALLOW,0
19337,19701,8888,ALLOW,0
46621,46702,21,ALLOW,1
17362,17422,53,ALLOW,0
5171,5372,8080,DENY,1
5263,5380,4443,ALLOW,1
34654,34724,2379,DENY,0
51104,51449,5000,DENY,0
18368,18736,1433,DENY,1
39683,39725,25,ALLOW,0
24872,24934,3306,DENY,1
36462,36574,25,DENY,1
9887,9975,8443,DENY,0
52993,53002,21,ALLOW,0
33769,33790,5000,ALLOW,0
11691,11856,21,DENY,1
45170,45297,5000,ALLOW,1
14245,14285,4443,DENY,0
25830,25848,1433,DENY,1
29710,29839,22,DENY,1
42850,42927,3389,ALLOW,0
37879,37895,5432,DENY,0
3106,3305,53,ALLOW,0
10836,11047,25,DENY,0
30374,30445,3389,ALLOW,0
12196,12230,3389,ALLOW,0
8233,8470,3389,DENY,0
24970,25077,5000,ALLOW,0
20109,20284,3306,ALLOW,1
22541,22989,1433,ALLOW,0
47368,47406,8000,DENY,1
25831,25859,1433,DENY,1
23832,23913,8888,ALLOW,0
29471,29535,3389,ALLOW,0
52758,52826,8080,DENY,1
20286,20603,3389,ALLOW,0
45816,45817,80,ALLOW,0
2433,2507,25,ALLOW,1
33388,33565,27017,DENY,0
36828,36901,10250,ALLOW,0
14689,15015,110,DENY,1
26407,26553,10250,ALLOW,0
20724,20816,2379,DENY,1
41558,41879,9200,DENY,1
14274,14454,25,DENY,0
33484,33638,8443,ALLOW,1
17856,18098,2222,DENY,1
14206,14377,6443,ALLOW,0
406,446,5000,ALLOW,1
39789,39934,21,DENY,1
3033,3282,27017,DENY,1
11136,11503,2379,ALLOW,1
15261,15344,1433,DENY,1
13094,13496,2379,DENY,1
39064,39636,8000,DENY,1
48112,48188,2379,ALLOW,0
11192,11334,8888,ALLOW,0
548,713,2379,DENY,1
54407,54459,3389,ALLOW,0
43252,43285,9000,DENY,1
11345,11489,8080,ALLOW,0
17350,17489,6379,DENY,0
42469,42686,8080,ALLOW,1
49735,49815,9200,DENY,0
7371,7415,9200,ALLOW,0
43629,43760,80,DENY,0
54607,54723,8080,ALLOW,1
38457,38656,8000,ALLOW,1
26758,26802,10250,ALLOW,0
29938,29994,110,ALLOW,0
35426,36049,22,ALLOW,1
47733,47826,3389,ALLOW,0
26322,26357,2222,DENY,0
15820,15883,110,ALLOW,1
56309,56322,53,ALLOW,0
36281,36420,1433,ALLOW,0
57110,57239,21,ALLOW,1
9738,9771,443,DENY,0
4366,4371,80,DENY,0
18252,18300,22,ALLOW,0
46672,46781,2222,ALLOW,0
41672,41787,4443,ALLOW,0
31943,32082,3389,DENY,1
18949,19176,2222,DENY,1
2719,2820,2222,ALLOW,1
48340,48547,9000,DENY,1
8898,9381,8000,ALLOW,0
27234,27245,4443,ALLOW,1
3232,3325,27017,DENY,1
59383,59609,22,DENY,1
43645,43748,21,DENY,0
10903,11121,443,DENY,1
25496,25515,53,DENY,0
56964,57072,8443,DENY,1
10075,10225,9000,ALLOW,1
35242,35404,8000,ALLOW,1
36817,36900,4443,ALLOW,1
37861,38359,8443,ALLOW,0
49046,49143,53,ALLOW,1
19986,20030,1433,ALLOW,0
54634,54899,4443,ALLOW,0
25714,25761,5432,DENY,1
46582,46633,443,DENY,1
54400,54532,8000,DENY,1
1097,1160,8443,ALLOW,1
28672,28996,53,DENY,1
8575,8684,80,DENY,1
21681,21887,21,DENY,1
50677,50701,5432,DENY,0
35155,35344,9000,DENY,1
25924,26006,9200,ALLOW,1
42914,43376,6443,DENY,0
51025,51475,5000,DENY,0
21850,21972,3389,ALLOW,1
18941,18996,3389,ALLOW,1
56303,56433,5432,ALLOW,0
47764,48262,6379,ALLOW,0
54709,54938,22,ALLOW,0
46373,46569,53,DENY,0
11358,11481,9000,DENY,0
24269,24307,8888,ALLOW,0
19778,19922,6379,ALLOW,0
22179,22228,8888,DENY,0
38688,38725,9000,DENY,0
18272,18764,1433,ALLOW,0
53866,54064,2379,DENY,1
12875,13063,5432,DENY,1
44661,44718,10250,DENY,0
48923,49042,27017,DENY,1
20721,20792,2379,DENY,1
39965,40026,8443,ALLOW,0
4177,4204,2222,ALLOW,0
58538,58755,5432,ALLOW,1
38816,38872,8080,ALLOW,0
51788,51903,8080,DENY,0
39522,39969,3389,ALLOW,0
32886,33509,5432,ALLOW,1
12676,13161,8888,DENY,0
30051,30209,10250,ALLOW,1
5482,5499,53,ALLOW,1
3854,4171,21,ALLOW,1
19079,19224,9200,DENY,0
32002,32191,8443,DENY,1
43130,43175,22,DENY,0
15654,15778,8443,ALLOW,1
6241,6329,6443,ALLOW,0
31622,31637,6379,ALLOW,1
50671,50838,27017,DENY,1
50494,50696,110,ALLOW,0
53765,53849,27017,DENY,0
10746,10899,9000,ALLOW,1
58508,58574,8888,DENY,0
30948,30976,3306,ALLOW,0
2176,2225,21,ALLOW,0
58080,58102,1433,ALLOW,0
6529,6842,3389,DENY,1
4412,4476,443,DENY,0
24615,24953,6379,DENY,0
15047,15079,4443,DENY,0
23417,23518,80,ALLOW,0
34878,35206,3306,ALLOW,0
35145,35162,9200,ALLOW,0
42152,42477,6379,DENY,1
56043,56076,2379,ALLOW,0
60719,60724,8443,DENY,0
25532,25707,6379,ALLOW,0
40460,40550,25,ALLOW,0
19054,19628,8888,ALLOW,1
9655,9817,27017,DENY,1
33461,33522,3306,DENY,0
7583,7714,27017,DENY,0
4877,4984,3306,DENY,0
17376,17738,80,ALLOW,0
35026,35131,10250,DENY,1
44980,45095,3389,DENY,1
25343,25520,110,DENY,1
2712,2812,2222,ALLOW,1
19296,19384,2379,DENY,0
44222,44340,110,ALLOW,1
43983,44012,4443,ALLOW,0
59884,60063,8080,DENY,0
2714,2828,2222,ALLOW,1
26045,26536,8888,ALLOW,0
41008,41032,443,DENY,0
56583,56694,22,ALLOW,0
8229,8407,9000,ALLOW,0
33497,33852,8000,DENY,1
9188,9264,8080,DENY,1
3551,3965,8888,ALLOW,0
8316,8550,2222,DENY,1
48339,48458,80,DENY,1
3427,3629,110,ALLOW,0
54368,54682,1433,ALLOW,1
2971,3337,2222,ALLOW,0
35244,35644,27017,ALLOW,0
40074,40162,8000,ALLOW,0
27313,27563,443,ALLOW,1
8194,8222,443,DENY,0
26844,26964,8080,DENY,1
56833,56870,22,ALLOW,1
5487,5529,53,ALLOW,0
28794,29209,8443,ALLOW,0
29583,29717,4443,DENY,0
35783,35825,3306,ALLOW,1
19523,19713,5000,ALLOW,1
23418,23884,9000,ALLOW,1
33881,33892,25,ALLOW,0
39521,39565,6443,ALLOW,0
54736,54841,22,ALLOW,1
49390,49429,80,DENY,0
11946,11965,22,DENY,1
7158,7387,22,ALLOW,0
46023,46058,53,DENY,1
37505,37591,443,ALLOW,0
14239,14894,4443,DENY,1
9638,10212,8000,ALLOW,0
13957,14282,6379,DENY,1
39156,39275,25,ALLOW,1
13896,14285,6379,ALLOW,0
27490,27491,4443,DENY,0
55442,55641,4443,ALLOW,0
25470,25604,8000,ALLOW,0
3985,4118,22,DENY,0
20461,20727,6443,DENY,1
20564,20656,8080,ALLOW,1
33849,34040,80,ALLOW,1
12641,13084,2379,ALLOW,0
7791,8318,2379,DENY,1
12390,12428,27017,DENY,0
10426,10455,25,ALLOW,0
50872,50921,5432,ALLOW,1
49497,49512,3389,DENY,0
43261,43265,9000,DENY,1
43585,43670,8080,DENY,1
46330,46599,6443,ALLOW,1
17711,17765,8080,ALLOW,0
15210,15242,53,DENY,0
8396,8826,2222,ALLOW,0
21931,22017,21,DENY,0
41875,41896,22,ALLOW,1
30656,30787,21,ALLOW,0
26450,26650,8888,ALLOW,1
28338,28435,1433,ALLOW,0
30073,30134,6443,DENY,1
36777,36996,8000,DENY,1
1343,1351,4443,DENY,0
44840,44905,27017,ALLOW,1
54668,54829,1433,DENY,0
5786,5814,25,ALLOW,0
35989,36041,53,ALLOW,1
17780,17785,8000,ALLOW,0
24520,25022,8443,ALLOW,0
5805,6026,8888,ALLOW,1
11289,11563,3306,DENY,1
56801,56881,22,DENY,0
20929,21104,4443,DENY,1
35949,36004,53,DENY,0
20853,20986,21,DENY,1
21259,21421,22,ALLOW,0
5305,5707,110,ALLOW,1
744,1185,8443,DENY,0
46124,46310,9000,ALLOW,1
3438,3844,80,ALLOW,0
22929,22983,21,ALLOW,0
57889,57997,3389,DENY,1
12609,12646,2222,ALLOW,0
1886,2165,8000,DENY,1
51308,51410,10250,DENY,0
9955,10381,25,ALLOW,0
39749,39756,21,DENY,0
37108,37378,5432,ALLOW,1
4442,4632,9000,ALLOW,1
1128,1516,80,DENY,0
58442,58542,53,ALLOW,0
18567,19012,5000,DENY,0
32674,32675,9200,ALLOW,0
10337,10343,80,DENY,1
58402,58430,3306,DENY,0
55603,55644,8000,DENY,1
53004,53018,3306,DENY,1
50796,50954,443,ALLOW,1
47634,47657,9200,DENY,0
10114,10473,4443,DENY,1
34544,34598,9000,DENY,1
43553,44277,443,ALLOW,0
22435,22537,10250,DENY,0
45053,45120,1433,DENY,0
32319,32627,3389,ALLOW,1
10639,10697,25,ALLOW,0
21853,22135,8000,ALLOW,0
14825,14937,2379,DENY,0
38982,39034,9000,DENY,0
28089,28144,53,DENY,1
13695,13754,443,DENY,0
2391,2429,8443,DENY,0
29337,29416,10250,DENY,0
56706,56734,80,DENY,1
41110,41134,9000,ALLOW,0
29653,29770,6379,DENY,1
53991,53997,9000,ALLOW,0
7851,8022,443,ALLOW,0
2295,2710,1433,ALLOW,0
43548,43721,8080,DENY,1
3220,3290,2379,ALLOW,0
1009,1190,27017,ALLOW,0
2517,2946,10250,ALLOW,0
32774,33019,1433,DENY,1
40487,40560,10250,DENY,0
59768,60235,4443,DENY,0
27310,27602,21,DENY,0
46080,46213,8000,DENY,0
13047,13376,10250,DENY,1
50763,51152,110,ALLOW,0
31198,31236,8000,DENY,1
23173,23641,8888,ALLOW,0
31933,32080,3389,DENY,1
59131,59333,5000,DENY,1
35395,35574,3389,ALLOW,0
50687,50715,21,DENY,0
751,827,443,ALLOW,1
35446,35972,8080,ALLOW,0
16873,16936,25,ALLOW,0
5669,5691,5000,ALLOW,0
32985,33130,8000,DENY,0
41941,42015,8080,DENY,1
42383,42578,3306,DENY,0
25974,26071,4443,ALLOW,0
54981,55008,53,DENY,0
19304,19369,9000,ALLOW,0
38045,38232,1433,DENY,0
52565,52812,6443,DENY,0
21090,21461,8888,ALLOW,0
27862,28279,5000,DENY,0
41744,41819,3306,ALLOW,1
38855,39086,5432,ALLOW,0
24912,25305,9200,ALLOW,0
30048,30205,10250,ALLOW,1
42554,42663,5432,DENY,1
17084,17172,3306,DENY,1
57173,57264,21,ALLOW,1
8521,8718,80,ALLOW,0
6940,7047,4443,ALLOW,1
20164,20260,6443,ALLOW,0
25106,25189,21,DENY,1
37865,37883,1433,DENY,1
46273,46305,2379,ALLOW,0
7146,7239,8443,ALLOW,1
56916,57170,5000,DENY,1
39355,39741,2222,DENY,0
1887,1977,6379,DENY,1
12562,12686,110,ALLOW,1
24855,25129,9200,DENY,0
30747,31036,1433,ALLOW,1
8542,8590,3389,DENY,1
1274,1420,80,ALLOW,0
52126,52127,6379,DENY,0
46584,46615,110,ALLOW,0
28158,28245,25,DENY,0
4370,4677,6379,ALLOW,1
7174,7182,8000,DENY,0
7963,8081,4443,DENY,1
26691,27081,1433,DENY,0
13614,14314,8888,DENY,1
59270,59535,53,DENY,1
25175,25340,25,ALLOW,1
30613,30758,6443,ALLOW,1
52571,52688,53,ALLOW,0
20163,20248,21,ALLOW,0
48118,48282,2379,DENY,1
2026,2372,10250,ALLOW,1
33976,34010,27017,ALLOW,1
11356,11498,8443,ALLOW,0
6560,6619,5432,ALLOW,0
45889,46069,5000,ALLOW,1
6943,6970,80,ALLOW,0
20637,20690,8443,DENY,0
45172,45284,5000,ALLOW,1
13889,14053,27017,DENY,1
40175,40218,110,ALLOW,0
18991,19089,5000,ALLOW,0
35451,35654,80,DENY,1
23381,23966,9000,ALLOW,0
41229,41951,27017,ALLOW,0
21683,21828,5000,ALLOW,0
3464,3597,5000,DENY,0
22264,22649,27017,ALLOW,1
6824,6955,8888,DENY,0
5680,5765,6443,DENY,1
10600,10621,25,ALLOW,0
25314,25338,3389,ALLOW,0
50508,50703,3389,DENY,0
28596,28747,3389,DENY,1
36133,36301,8443,ALLOW,1
45818,45908,2222,DENY,1
20203,20245,5432,DENY,1
15765,15772,8080,ALLOW,0
21930,22089,9000,ALLOW,1
57792,57873,53,ALLOW,0
56849,56971,53,ALLOW,1
45428,45452,9200,DENY,0
5091,5179,8000,ALLOW,1
15552,15581,25,DENY,0
34467,34491,80,DENY,0
56056,56251,27017,DENY,1
13055,13251,8080,DENY,1
5550,5595,27017,ALLOW,1
40260,40572,22,ALLOW,1
39605,39653,5432,DENY,1
37652,37711,27017,DENY,0
58394,58418,9200,DENY,0
16050,16060,3306,ALLOW,0
27517,27665,8000,ALLOW,0
43886,43966,53,ALLOW,0
54024,54378,25,ALLOW,0
37755,37967,2379,DENY,0
29498,30152,8000,ALLOW,1
37268,37662,443,ALLOW,0
57253,57317,22,DENY,0
22190,22725,27017,ALLOW,0
14630,14973,8443,ALLOW,0
30461,30479,8000,DENY,0
24313,24398,1433,ALLOW,0
5707,5770,9200,ALLOW,0
17311,17435,25,DENY,0
33332,33508,9200,DENY,0
24977,25112,8080,DENY,0
57576,57601,4443,DENY,1
35826,36434,3306,DENY,1
53259,53377,8888,ALLOW,1
5564,5575,8888,ALLOW,0
35136,35551,25,DENY,0
52912,53027,22,ALLOW,1
37094,37475,5432,DENY,0
38047,38478,9000,DENY,1
56440,56556,8888,DENY,0
13799,13858,21,DENY,0
30296,30351,22,ALLOW,1
62129,62170,8888,DENY,0
31162,31200,3389,DENY,0
35425,35591,10250,ALLOW,0
38658,38822,9200,ALLOW,1
44597,44736,2222,ALLOW,0
1290,1465,80,ALLOW,1
23368,23404,8080,DENY,0
34514,34598,9000,ALLOW,0
30246,30287,10250,ALLOW,1
51669,51931,9000,DENY,0
41657,42288,6443,DENY,1
49554,49699,25,DENY,1
49468,49571,8080,DENY,0
17927,18288,3306,ALLOW,1
25648,25756,2379,DENY,0
45164,45214,9200,DENY,0
16338,16417,5000,ALLOW,0
28356,28749,27017,DENY,1
35219,35241,3306,ALLOW,0
29531,29986,80,ALLOW,0
32683,32737,110,DENY,0
47179,47224,21,ALLOW,0
5723,5867,8443,ALLOW,1
33669,33720,8443,ALLOW,0
64064,64115,3306,DENY,0
37752,37763,25,ALLOW,1
16209,16684,10250,ALLOW,1
57211,57266,110,ALLOW,0
32251,32314,8443,DENY,0
13629,14294,8888,ALLOW,1
20056,20541,3306,ALLOW,0
18735,18802,110,ALLOW,0
9079,9585,27017,DENY,0
3021,3295,27017,ALLOW,0
56706,56923,2222,DENY,1
26187,26284,22,ALLOW,0
30052,30095,8888,DENY,0
13826,13937,6379,ALLOW,0
5563,5603,3306,ALLOW,0
44465,44607,443,DENY,0
53062,53226,443,ALLOW,0
36651,36688,25,ALLOW,0
563,997,8443,DENY,1
37012,37330,80,ALLOW,0
4338,4597,2379,DENY,0
42303,42757,6443,ALLOW,0
53156,53340,5432,ALLOW,0
29730,29766,2379,ALLOW,0
53224,53367,25,DENY,1
15904,16371,443,ALLOW,0
9861,9902,8443,DENY,0
6753,6905,53,DENY,1
28382,28719,27017,ALLOW,1
29430,29898,27017,ALLOW,0
23970,24247,3306,ALLOW,1
4703,5015,3306,ALLOW,0
18785,18829,443,DENY,0
33683,33692,27017,DENY,1
7554,7901,9200,ALLOW,1
38877,39329,8888,DENY,0
46529,46664,8080,DENY,1
48407,48539,8443,ALLOW,1
4981,5159,443,ALLOW,0
17828,17898,6443,DENY,0
18833,18923,8443,DENY,0
9643,9652,1433,ALLOW,0
54276,54324,1433,DENY,0
19921,19951,3306,ALLOW,0
17968,18045,27017,DENY,0
19251,19308,8888,ALLOW,0
29899,30218,10250,ALLOW,0
20744,20840,53,DENY,0
42814,42970,10250,DENY,0
26895,27249,3306,DENY,1
16839,16849,9000,DENY,0
8693,8868,6379,DENY,1
17607,17646,80,DENY,1
15995,16078,8443,DENY,0
2754,3103,5000,ALLOW,0
25093,25397,22,DENY,1
40830,41285,10250,ALLOW,0
507,532,8888,ALLOW,1
44103,44502,3306,DENY,0
16715,16990,6443,ALLOW,1
22240,22899,110,ALLOW,1
16238,16406,25,DENY,0
6038,6129,8443,ALLOW,0
39101,39622,8000,ALLOW,1
40608,40613,8080,ALLOW,0
38667,38803,22,ALLOW,1
29786,29939,27017,ALLOW,1
6976,7019,443,DENY,0
57258,57306,22,ALLOW,1
19399,19814,22,ALLOW,0
53951,54045,2222,ALLOW,1
36848,37060,6379,ALLOW,0
39498,39562,27017,ALLOW,0
10628,10715,8080,ALLOW,0
50409,50580,2379,ALLOW,0
57126,57236,3389,ALLOW,1
54703,55190,25,ALLOW,0
19763,20006,8443,ALLOW,0
48019,48128,80,DENY,0
1042,1528,5000,ALLOW,0
57194,57254,5432,ALLOW,1
6074,6113,22,DENY,0
12905,13059,2379,ALLOW,1
48118,48314,3389,DENY,0
8228,8414,5432,DENY,0
23520,24135,8080,ALLOW,0
48726,48882,8888,ALLOW,1
1341,1383,8888,ALLOW,1
20993,21132,2379,DENY,0
3581,3943,8888,DENY,1
9011,9274,8000,ALLOW,1
43734,43932,6443,ALLOW,0
43372,43716,443,ALLOW,0
38665,38830,9200,ALLOW,1
39616,39638,3389,ALLOW,0
47317,48018,443,ALLOW,0
40842,40970,22,ALLOW,0
56889,57287,5000,ALLOW,0
43800,43878,9200,ALLOW,0
8816,9053,2222,ALLOW,0
32812,33577,5432,ALLOW,0
47423,47556,8443,ALLOW,1
19068,19097,9200,ALLOW,0
43633,43780,2379,ALLOW,0
5551,5600,6443,DENY,0
41108,41231,110,DENY,1
10143,10225,1433,ALLOW,0
59103,59206,53,DENY,0
33170,33220,25,DENY,0
24939,25028,80,DENY,0
25552,25672,5000,DENY,0
7918,8138,4443,ALLOW,0
26377,26667,5432,DENY,1
10025,10097,80,ALLOW,0
50356,50643,5000,DENY,0
39627,39874,3389,DENY,1
24484,24660,8888,ALLOW,1
28087,28133,8080,DENY,0
45111,45139,6379,DENY,1
34200,34273,9200,DENY,0
25516,25774,6379,ALLOW,0
7912,7997,8080,ALLOW,1
31087,31274,9000,ALLOW,0
48137,48263,5432,ALLOW,1
20403,20675,5432,DENY,1
57707,58049,1433,ALLOW,0
55952,56088,9000,DENY,1
36875,36927,27017,DENY,0
40720,40746,9200,DENY,0
51998,52054,443,DENY,0
23027,23116,2379,DENY,0
50276,50434,4443,DENY,1
57840,57943,110,DENY,1
12038,12120,2379,DENY,0
699,775,3306,ALLOW,0
47284,47579,3389,DENY,0
24935,25272,9000,ALLOW,0
25971,26245,443,ALLOW,1
22280,22466,8080,DENY,0
48297,48317,8080,ALLOW,1
6115,6425,8443,ALLOW,0
4603,4762,8000,DENY,1
9283,9407,80,ALLOW,0
27596,27837,6379,DENY,0
40460,40577,443,ALLOW,0
7910,7971,8000,ALLOW,0
48149,48339,9000,DENY,1
3950,4297,21,ALLOW,1
55738,55853,8080,DENY,1
12294,12540,2379,ALLOW,0
49415,49483,3306,DENY,1
25187,25499,110,DENY,1
50011,50116,8888,ALLOW,0
30936,30984,6379,DENY,0
22310,22434,110,DENY,0
30390,30857,1433,DENY,0
7626,7759,8080,DENY,1
35985,36082,1433,DENY,0
11262,11315,2222,ALLOW,0
29437,30214,8000,ALLOW,0
12116,12416,4443,DENY,1
19153,19226,21,DENY,0
17414,17551,6379,DENY,1
3904,4337,21,ALLOW,0
46178,46218,6379,DENY,1
36615,36769,1433,DENY,1
43349,43350,27017,DENY,1
3026,3457,25,ALLOW,1
55449,55546,9000,ALLOW,1
20419,20647,110,DENY,1
42856,43217,22,DENY,0
21436,21563,5432,ALLOW,1
41726,42290,80,DENY,1
30572,30937,443,ALLOW,0
34616,34745,6443,DENY,1
31182,31226,6379,DENY,0
54713,54789,25,DENY,1
57876,58036,3389,ALLOW,0
48954,49017,5000,ALLOW,0
46509,46634,80,ALLOW,1
36338,36951,2222,ALLOW,0
49399,49470,3306,DENY,1
4620,4694,443,ALLOW,0
20784,21064,2379,ALLOW,0
42444,42562,25,ALLOW,0
34683,34743,9000,DENY,1
36839,37152,10250,DENY,1
38143,38388,9200,ALLOW,1
580,1039,5000,DENY,0
12839,13093,5432,ALLOW,0
19682,19843,8888,DENY,1
31994,32691,6443,DENY,1
9087,9276,4443,ALLOW,0
509,515,80,ALLOW,0
36672,36750,443,DENY,0
52110,52141,2379,ALLOW,1
49114,49132,10250,ALLOW,0
42348,42830,27017,ALLOW,0
14356,14787,2379,DENY,0
39733,39900,110,DENY,1
17047,17615,80,ALLOW,1
18969,19004,3389,DENY,0
25925,25971,6379,DENY,0
64564,64618,6379,DENY,0
49526,50136,21,DENY,1
57008,57072,8443,DENY,1
1049,1361,9000,DENY,1
59443,59840,10250,ALLOW,0
59161,59199,3306,DENY,0
29118,29239,1433,DENY,1
32496,32583,80,DENY,1
42973,43177,21,ALLOW,1
21408,21630,5000,ALLOW,0
5302,5957,2222,ALLOW,0
55140,55296,8080,ALLOW,0
6509,6676,2379,DENY,0
12427,12915,3306,ALLOW,1
57978,58077,3306,ALLOW,0
42512,42850,9000,ALLOW,0
7748,7790,9000,DENY,1
57272,57597,8080,DENY,0
33364,33900,21,ALLOW,0
32897,32925,22,ALLOW,0
39238,39278,2222,DENY,0
21535,22217,2379,ALLOW,1
12421,12638,8080,DENY,1
3036,3124,1433,ALLOW,0
22729,22975,4443,DENY,0
54551,54717,8080,DENY,1
20535,20567,3306,ALLOW,0
4923,5028,6443,ALLOW,0
50019,50176,2222,DENY,1
11975,12084,6443,ALLOW,0
25595,25737,8000,DENY,1
28285,28405,4443,ALLOW,0
7241,7276,2379,ALLOW,1
5086,5190,8000,ALLOW,1
15844,15893,110,ALLOW,1
36750,36758,8888,DENY,0
44363,44667,9000,ALLOW,0
13858,13890,21,DENY,0
45430,45490,8888,ALLOW,0
41715,41991,6443,ALLOW,1
20654,20983,5432,ALLOW,0
46086,46124,80,ALLOW,0
917,1471,6379,DENY,1
13817,13889,8443,ALLOW,0
24484,24540,9200,DENY,0
16431,16464,3306,ALLOW,0
4999,5162,8080,ALLOW,0
44188,44372,110,DENY,0
56544,56658,6379,DENY,1
489,773,10250,DENY,1
54966,55296,2379,ALLOW,0
42441,42737,8080,DENY,0
13013,13179,22,DENY,1
37771,37856,22,DENY,0
548,633,27017,ALLOW,0
5250,5257,10250,ALLOW,0
57228,57340,9200,ALLOW,1
23621,23653,2379,ALLOW,0
7855,7910,8443,DENY,0
47601,47720,110,ALLOW,1
6255,6291,10250,DENY,0
23990,24063,25,DENY,0
12742,13131,25,ALLOW,1
58760,59014,6443,ALLOW,0
44477,44805,21,ALLOW,1
6947,7086,80,ALLOW,1
26121,26159,110,ALLOW,0
25508,25622,8000,ALLOW,1
12152,12818,2379,ALLOW,0
57578,57684,4443,DENY,1
8869,9525,2222,DENY,1
51465,51605,21,DENY,1
34076,34250,53,ALLOW,0
36760,37000,2379,DENY,1
42400,42805,27017,DENY,1
26240,26722,21,DENY,0
38249,38287,80,DENY,0
54746,55113,25,DENY,1
47775,47778,4443,ALLOW,0
8385,8817,8443,ALLOW,1
20695,20982,5432,DENY,1
8763,8804,53,DENY,1
55494,55541,2222,ALLOW,0
11644,11802,22,ALLOW,1
29124,29318,22,DENY,1
994,1475,9000,ALLOW,0
12124,12289,5432,ALLOW,0
28526,28713,3389,ALLOW,0
42160,42257,5000,ALLOW,0
8839,8941,110,DENY,0
37473,37686,3306,ALLOW,0
281,1078,4443,ALLOW,0
18330,18618,25,DENY,0
51246,51442,9200,DENY,0
53374,53622,53,DENY,1
34614,35058,3306,DENY,0
24285,24388,8888,ALLOW,0
38849,38901,6443,ALLOW,0
17242,17262,10250,DENY,0
33257,33881,8443,ALLOW,1
17446,17654,22,DENY,1
23610,23880,8080,ALLOW,1
41871,41907,22,ALLOW,1
36853,37051,8000,DENY,0
28682,28694,3306,ALLOW,0
9906,9928,21,DENY,0
40382,40580,22,ALLOW,1
13390,13413,10250,ALLOW,0
35760,35846,3306,DENY,0
39431,39733,1433,ALLOW,0
46340,46369,2379,ALLOW,0
37532,37594,8888,DENY,1
13197,13279,2379,ALLOW,0
11545,11596,3306,DENY,1
37632,37644,2379,ALLOW,0
47980,48124,4443,DENY,1
39475,39624,8888,ALLOW,1
42700,42775,4443,DENY,1
17668,17806,1433,DENY,1
20244,20836,443,ALLOW,1
34379,34701,2222,ALLOW,0
44461,44618,9000,DENY,1
50323,50381,3306,DENY,1
38694,38940,5432,DENY,1
3522,3530,5000,DENY,0
32173,32327,80,DENY,0
37166,37227,443,ALLOW,1
12677,12770,6379,DENY,0
22176,22604,80,ALLOW,0
51825,51908,8000,DENY,1
30087,30539,53,ALLOW,0
10254,10292,8000,ALLOW,1
34121,34473,6379,DENY,1
29802,29868,10250,DENY,0
12635,12857,8080,DENY,0
44838,45184,22,DENY,1
30732,30857,2379,ALLOW,0
48806,48839,6443,DENY,0
18111,18122,5000,DENY,0
29734,29772,3389,DENY,1
56518,56571,8888,DENY,1
50499,50926,6379,ALLOW,0
5792,6038,8888,DENY,1
54860,55011,8443,DENY,1
27839,27867,9200,DENY,1
24668,24792,8443,ALLOW,0
58213,58266,8000,DENY,1
8378,8589,25,ALLOW,1
28994,29249,8888,ALLOW,1
25083,25122,25,DENY,0
44272,44298,10250,DENY,0
44290,44616,8443,ALLOW,0
32323,32358,4443,ALLOW,0
49155,49655,53,DENY,0
6182,6236,8080,DENY,1
17915,17957,6443,DENY,0
36633,36681,2222,DENY,0
50269,50474,4443,ALLOW,0
17046,17056,9000,ALLOW,0
49489,49762,6443,ALLOW,0
17996,18093,25,ALLOW,0
36609,36685,27017,DENY,1
25861,25889,9000,ALLOW,0
13298,13397,6443,DENY,1
3516,3637,443,ALLOW,1
39000,39034,110,DENY,1
2547,2749,9200,ALLOW,0
18748,18798,22,ALLOW,0
18497,18826,2379,ALLOW,1
24567,24659,2222,ALLOW,1
14061,14115,80,ALLOW,0
43806,43865,9200,DENY,1
58756,58846,22,ALLOW,0
13477,13551,22,DENY,0
37748,37778,2379,ALLOW,0
17065,17151,3306,DENY,1
14426,14471,110,DENY,1
43672,43996,6443,DENY,1
54588,54855,8443,DENY,1
54222,54360,8000,ALLOW,1
16348,16445,443,ALLOW,0
24318,24460,22,DENY,1
44925,45080,21,ALLOW,1
34621,34804,1433,DENY,1
23265,23635,8888,DENY,1
35554,35620,110,ALLOW,1
16042,16132,10250,ALLOW,0
4003,4105,22,ALLOW,1
17459,17833,10250,DENY,1
11001,11039,9000,ALLOW,0
338,429,1433,DENY,0
53825,54208,80,ALLOW,1
48708,49001,8080,ALLOW,0
37529,37560,6379,DENY,0
5730,5950,6443,DENY,1
14964,15014,21,DENY,0
26681,26751,21,ALLOW,1
20062,20187,8443,DENY,1
7394,7491,6443,DENY,1
2467,2830,9000,DENY,1
24935,25180,8080,DENY,1
5936,6134,27017,DENY,1
44316,44348,8443,ALLOW,0
43850,44026,3389,DENY,0
59208,59307,5432,ALLOW,0
25071,25109,3389,ALLOW,0
8883,9002,4443,ALLOW,0
6480,7186,8443,ALLOW,0
10644,10657,53,DENY,0
1990,2414,22,ALLOW,0
456,535,1433,ALLOW,1
55567,55912,9000,ALLOW,1
19925,19941,110,DENY,0
29879,30158,6443,ALLOW,1
27055,27523,2222,ALLOW,0
55673,55956,80,DENY,0
2618,2634,80,ALLOW,1
32653,32697,8888,ALLOW,0
33773,33970,110,DENY,0
2455,2576,21,ALLOW,0
43068,43819,9200,ALLOW,0
53905,54349,22,ALLOW,0
43899,43957,53,DENY,1
9828,10226,25,DENY,1
35435,35710,6443,DENY,0
44293,44841,9200,ALLOW,1
29953,30298,3306,DENY,1
6120,6354,110,DENY,1
28771,29110,8443,ALLOW,0
26685,26686,53,DENY,0
12376,12999,3306,ALLOW,0
10108,10335,8888,DENY,1
35210,35314,8888,ALLOW,0
49035,49135,53,ALLOW,1
59240,59331,6443,ALLOW,0
9310,9349,10250,ALLOW,0
41322,41413,2379,DENY,0
46654,46744,4443,ALLOW,1
52060,52123,9000,ALLOW,1
55776,55818,443,ALLOW,1
9546,9604,8000,ALLOW,0
54325,54345,6443,DENY,0
45480,45624,110,ALLOW,0
36955,37140,8000,DENY,1
33421,33516,80,ALLOW,1
51475,51525,80,DENY,1
6770,7187,3389,DENY,1
17640,18325,3389,ALLOW,0
12651,12983,4443,DENY,1
17387,17479,3306,ALLOW,1
23537,23587,8000,ALLOW,0
7402,7567,3389,ALLOW,0
59756,59787,110,DENY,1
25203,25409,21,DENY,1
35407,35671,80,ALLOW,0
26464,26507,4443,DENY,1
43115,43763,9200,ALLOW,1
40330,40609,22,DENY,0
50088,50144,53,DENY,0
15922,15965,80,DENY,0
21966,22022,9000,DENY,0
54600,54924,8443,ALLOW,0
32865,32967,2222,DENY,1
35296,35886,3389,DENY,1
54360,54548,25,DENY,1
7926,8014,8080,ALLOW,1
2010,2060,8080,DENY,0
29793,30217,6443,DENY,0
6117,6556,5000,DENY,0
17331,17361,8080,DENY,1
9856,10369,6443,ALLOW,0
11603,11720,8000,ALLOW,0
36811,37177,10250,ALLOW,0
14052,14277,22,DENY,1
37649,37731,2379,DENY,0
27846,28125,25,ALLOW,0
51460,51467,25,ALLOW,0
49945,50050,25,DENY,1
4661,5408,9000,ALLOW,0
5363,5628,110,DENY,1
26357,26633,8080,ALLOW,1
30519,30880,6379,DENY,1
18249,18287,22,DENY,1
6543,6592,1433,DENY,0
26575,26634,443,DENY,0
1579,1614,4443,DENY,0
18271,18385,27017,DENY,0
46666,46897,25,ALLOW,0
34733,34862,3306,DENY,0
37901,37980,5432,ALLOW,0
48931,49021,27017,DENY,1
42419,42425,110,DENY,1
3780,4071,3389,ALLOW,0
7645,7762,8080,DENY,1
26098,26188,22,ALLOW,0
31096,31265,21,DENY,0
56643,56742,110,DENY,1
13992,14016,10250,DENY,0
6268,6307,53,ALLOW,0
25876,25885,8080,ALLOW,0
47408,47491,53,ALLOW,1
55974,56321,27017,ALLOW,0
16354,16461,9000,ALLOW,0
25991,26138,3389,DENY,1
11385,12044,5432,DENY,1
33081,33239,6443,DENY,1
18815,18825,8080,ALLOW,0
20069,20168,1433,ALLOW,1
57007,57084,8443,DENY,1
27763,27894,2222,ALLOW,0
7659,7840,22,ALLOW,1
6375,6531,8888,ALLOW,0
50096,50641,8443,ALLOW,1
8560,8593,3389,DENY,1
53552,53649,8443,ALLOW,0
250,387,4443,ALLOW,0
20395,20511,53,DENY,1
43381,43611,8443,DENY,1
27252,27628,443,DENY,0
36720,37048,8000,ALLOW,0
56187,56283,3306,ALLOW,0
57449,57548,8443,DENY,1
5686,5732,443,DENY,0
50174,50299,8888,ALLOW,1
16160,16470,2222,ALLOW,1
26866,27316,4443,ALLOW,0
34408,34467,25,DENY,1
33146,33412,3306,ALLOW,0
59723,59865,8888,ALLOW,0
28283,28410,80,ALLOW,0
746,765,25,DENY,0
53524,53629,443,DENY,1
30943,31116,8000,DENY,1
26436,26492,4443,DENY,1
50468,50605,8000,ALLOW,1
30020,30168,2222,ALLOW,0
12057,12416,4443,ALLOW,0
12968,13420,10250,ALLOW,0
13772,14014,9200,DENY,1
41623,41906,25,DENY,1
20929,21058,2379,ALLOW,0
54573,54961,53,DENY,0
58216,58350,2222,ALLOW,0
29458,29459,22,DENY,0
60279,60307,21,DENY,0
43233,43267,9000,DENY,1
41781,41922,53,DENY,1
15536,15560,2222,DENY,0
17070,17171,3306,DENY,1
13126,13141,10250,ALLOW,1
43324,43355,27017,DENY,1
39772,39844,21,DENY,0
6805,6949,8000,DENY,0
24651,24936,6379,ALLOW,1
25950,26023,53,ALLOW,0
54788,54929,8888,ALLOW,1
51506,51907,3389,DENY,0
28861,28884,80,DENY,1
59261,59321,8888,ALLOW,0
36310,36425,21,DENY,1
29087,29479,2222,DENY,0
51248,51339,6379,DENY,1
53991,54117,5000,ALLOW,1
32807,32879,8888,ALLOW,1
19793,19915,6379,DENY,1
19710,20073,1433,ALLOW,0
24683,24802,21,ALLOW,0
1608,1668,5432,ALLOW,0
42100,42140,5000,DENY,0
23024,23114,9000,DENY,0
38180,38306,2379,DENY,0
24986,25079,8080,ALLOW,1
11937,11981,22,DENY,1
30552,30653,6443,ALLOW,1
4193,4243,3389,DENY,0
151,524,6443,DENY,1
24884,24943,80,ALLOW,0
27280,27374,3389,DENY,1
50602,50708,9000,DENY,1
39828,40286,6379,DENY,0
21681,21768,22,DENY,0
59064,59083,10250,DENY,0
33442,33476,2379,ALLOW,0
46504,46678,8080,ALLOW,0
34088,34159,2379,ALLOW,0
59359,59374,27017,ALLOW,1
8688,9129,8000,ALLOW,0
16278,16464,5000,ALLOW,1
34124,34478,53,ALLOW,1
32541,32610,6379,ALLOW,1
11506,11576,5432,ALLOW,0
41284,41325,3389,DENY,1
49544,49754,6443,DENY,1
36874,36916,6379,DENY,1
9903,9987,8443,ALLOW,1
35978,36028,53,ALLOW,1
59254,59623,53,ALLOW,0
14674,14972,53,DENY,1
37234,37291,8443,DENY,0
20079,20180,1433,ALLOW,1
64862,64863,2222,ALLOW,0
4713,4794,6443,DENY,0
7456,7506,5000,DENY,0
41790,42078,110,DENY,1
50472,50599,8000,ALLOW,1
46093,46499,25,DENY,1
21259,21416,8888,DENY,1
44613,44777,6379,DENY,1
37521,37617,8888,ALLOW,0
56532,56542,8888,DENY,1
9573,9617,443,DENY,0
57027,57061,8443,DENY,1
7714,8065,443,ALLOW,1
41728,41800,3306,DENY,0
16261,16407,3306,ALLOW,0
37277,37377,80,DENY,1
1583,1637,22,ALLOW,0
49526,49693,8443,DENY,0
18892,19000,6443,ALLOW,1
29150,29435,2222,ALLOW,1
7464,7664,6379,DENY,1
11767,11870,5000,ALLOW,0
9639,9677,9000,ALLOW,0
52057,52122,9000,ALLOW,1
22128,22159,6443,ALLOW,0
18730,18777,25,DENY,1
20185,20318,9200,DENY,1
20422,20749,6443,ALLOW,0
10749,10789,4443,DENY,0
35501,35558,9000,DENY,1
43727,43736,80,ALLOW,0
24575,24690,8080,DENY,1
17430,17548,6379,DENY,1
2431,2516,443,DENY,1
5725,5872,8443,ALLOW,1
48632,49114,8443,ALLOW,0
27871,28010,1433,ALLOW,0
31198,31372,4443,ALLOW,1
7641,7728,3389,DENY,0
53772,53842,22,ALLOW,0
58908,59048,2379,ALLOW,1
24350,24426,10250,ALLOW,0
17069,17199,9200,ALLOW,1
34182,34805,27017,DENY,1
23934,24462,8000,ALLOW,0
45384,45444,27017,DENY,0
32417,32464,80,ALLOW,0
12064,12246,9000,DENY,0
587,995,8443,ALLOW,1
37636,37719,2379,ALLOW,0
3491,3577,5000,ALLOW,1
44802,45088,22,ALLOW,1
49017,49075,2379,ALLOW,0
5817,6058,110,DENY,1
1941,2241,22,DENY,0
12929,13074,110,DENY,1
31550,31633,110,ALLOW,0
28075,28122,80,DENY,0
51157,51173,2222,ALLOW,0
38384,38466,110,ALLOW,0
19449,19808,8080,ALLOW,1
1985,2391,10250,DENY,0
54469,54589,4443,ALLOW,0
30383,30425,5000,DENY,1
18187,18368,2379,DENY,1
43139,43152,8000,DENY,1
740,1083,8443,ALLOW,1
5550,5609,27017,DENY,0
2739,2816,27017,DENY,1
21694,22139,25,ALLOW,0
13429,13516,6379,DENY,1
44188,44189,6443,ALLOW,0
6863,6936,8443,DENY,1
16207,16706,10250,DENY,1
28906,29031,10250,DENY,1
4121,4196,443,ALLOW,0
50039,50230,9000,DENY,1
17988,18362,25,ALLOW,0
20307,20618,5000,ALLOW,0
21281,21519,2222,DENY,1
51265,51529,8080,ALLOW,0
46392,46475,9200,DENY,1
59225,59405,8888,ALLOW,1
11007,11054,9000,DENY,0
54685,54792,25,ALLOW,0
732,823,443,ALLOW,1
16316,16686,3306,DENY,0
32000,32180,8443,DENY,1
37308,37571,80,DENY,0
24720,24989,8000,ALLOW,0
48763,48892,5000,ALLOW,1
49910,50137,110,ALLOW,0
884,947,25,ALLOW,0
6902,7277,8000,ALLOW,0
37222,37592,8000,ALLOW,0
63460,63472,110,DENY,0
39583,39665,5432,ALLOW,0
16428,16522,5000,DENY,0
40654,40828,5000,ALLOW,0
11935,12026,2379,ALLOW,0
2668,2973,3306,DENY,1
16112,16247,21,ALLOW,1
7519,7899,9200,DENY,1
552,1335,6379,ALLOW,0
53028,53210,25,ALLOW,1
22779,22949,443,ALLOW,0
57362,57615,25,DENY,1
45534,45839,443,DENY,1
51106,51161,443,ALLOW,0
6960,7036,8000,DENY,0
63570,63631,8000,ALLOW,0
51877,52039,9200,ALLOW,1
20787,21063,53,ALLOW,1
15526,15605,6443,ALLOW,1
1990,2129,9000,DENY,0
40834,40973,6379,DENY,1
27544,27612,110,DENY,1
17376,17411,1433,DENY,0
3760,4163,4443,ALLOW,1
13071,13513,2379,ALLOW,0
24964,25291,10250,ALLOW,0
7842,8003,443,DENY,1
26979,27063,80,DENY,0
33945,34177,9200,ALLOW,1
29414,29802,5432,ALLOW,1
50765,50956,4443,ALLOW,0
16139,16220,8443,ALLOW,0
38605,38756,2222,ALLOW,1
6469,6513,1433,ALLOW,0
19188,19351,6443,DENY,1
52269,52459,8000,ALLOW,0
8407,8431,80,DENY,0
53642,53717,2222,ALLOW,0
3061,3575,8000,DENY,1
7603,7705,27017,ALLOW,1
56254,56383,8888,ALLOW,0
42250,42284,110,ALLOW,0
39342,39684,110,DENY,1
21188,21248,8080,ALLOW,0
46929,47327,21,ALLOW,1
24837,24867,8888,ALLOW,0
39003,39040,110,ALLOW,0
29892,30219,3389,DENY,0
54428,54616,27017,ALLOW,1
50300,50762,53,DENY,0
5448,5464,53,ALLOW,0
16572,16606,8888,ALLOW,1
21128,21189,8000,DENY,1
11316,11414,53,ALLOW,0
56586,56696,53,ALLOW,0
7250,7542,5000,DENY,1
152,215,2222,ALLOW,0
22317,22425,8888,ALLOW,1
10033,10101,8443,ALLOW,0
61109,61135,443,DENY,0
58892,59084,2379,DENY,0
17830,17891,53,ALLOW,1
30663,30930,3389,DENY,0
58461,58806,4443,DENY,1
28489,28575,22,DENY,0
29962,30042,8888,DENY,0
50359,50379,8443,DENY,0
29857,29916,1433,ALLOW,1
44710,45072,6443,DENY,1
31771,31942,10250,ALLOW,1
8077,8112,5432,DENY,0
28069,28243,4443,DENY,0
43098,43793,9200,DENY,1
9549,9604,53,DENY,0
3074,3173,2222,ALLOW,1
20329,20386,8888,ALLOW,0
18587,18642,10250,ALLOW,0
390,706,110,DENY,1
45768,45956,6443,DENY,0
31939,32725,6443,ALLOW,0
51169,51533,10250,ALLOW,0
48096,48125,22,ALLOW,0
55751,55899,9000,ALLOW,0
4856,5230,2222,ALLOW,0
59536,59579,110,ALLOW,0
53550,53632,8443,DENY,1
16678,17076,6443,ALLOW,1
24637,24906,8443,DENY,1
19736,19900,22,DENY,0
52289,52489,8443,DENY,1
28440,28763,110,DENY,1
497,1040,8443,ALLOW,0
18978,19040,8443,DENY,0
40571,40581,53,DENY,1
27199,27406,6443,DENY,0
1469,1950,8888,ALLOW,0
30668,30738,21,ALLOW,0
14987,15003,80,ALLOW,0
18028,18298,25,DENY,1
47354,47508,9200,ALLOW,1
40059,40168,1433,ALLOW,1
3070,3262,10250,DENY,1
52616,52708,9200,ALLOW,0
15937,16001,6379,ALLOW,1
27209,27299,1433,ALLOW,0
31283,31357,5000,DENY,0
57049,57069,2379,ALLOW,0
16279,16475,5000,ALLOW,1
39285,39463,6379,ALLOW,1
8260,8456,3389,ALLOW,1
23135,23286,22,DENY,1
2556,2824,10250,DENY,1
28652,28972,5432,DENY,1
40896,40932,27017,DENY,1
51718,51782,3306,DENY,0
7138,7181,5000,ALLOW,0
55435,55625,21,ALLOW,0
16537,16676,27017,ALLOW,1
44923,45094,21,ALLOW,1
39073,39257,22,ALLOW,1
54250,54560,10250,ALLOW,0
7409,7486,6443,DENY,1
42411,42417,4443,DENY,0
10692,10831,27017,ALLOW,1
54869,55006,8000,ALLOW,0
1018,1148,9000,DENY,1
15918,16045,110,DENY,1
46969,47250,21,DENY,1
26244,26338,6443,DENY,1
21795,21978,53,ALLOW,0
30161,30282,1433,ALLOW,1
30159,30338,3389,ALLOW,1
47779,47783,53,DENY,0
9043,9071,4443,DENY,0
42112,42261,10250,ALLOW,0
8489,8537,110,ALLOW,0
8289,8363,21,DENY,0
51109,51180,9200,DENY,1
26214,26480,1433,ALLOW,0
47708,48306,27017,DENY,1
15535,15783,110,DENY,1
26208,26300,110,ALLOW,1
34044,34224,5000,DENY,1
15742,15833,22,DENY,1
46058,46186,21,ALLOW,0
16780,16846,8080,DENY,1
39421,39438,1433,DENY,0
22487,22938,3389,ALLOW,0
14799,15150,80,ALLOW,0
39427,39715,21,DENY,1
11424,12038,5432,ALLOW,1
25561,25690,110,DENY,0
13393,13585,5000,ALLOW,0
4440,4489,110,ALLOW,0
55926,56051,4443,ALLOW,1
27599,27604,3306,DENY,0
19353,19361,6443,DENY,1
47364,47430,2222,ALLOW,0
11464,11764,5432,ALLOW,1
4629,4692,3389,DENY,1
20432,20633,443,DENY,1
58753,58838,8080,DENY,0
25017,25718,6443,ALLOW,0
10842,10914,110,ALLOW,0
19388,19656,8888,DENY,1
13813,13887,443,ALLOW,0
32164,32246,6443,DENY,1
59063,59100,6379,ALLOW,0
43187,43339,21,ALLOW,0
24229,24320,2222,ALLOW,1
39365,39778,21,ALLOW,0
8201,8426,6379,DENY,1
5252,5781,110,ALLOW,0
28064,28094,53,DENY,0
49514,49682,10250,DENY,1
5952,6121,443,DENY,0
4694,4823,27017,DENY,0
64077,64085,25,ALLOW,0
58493,58576,8888,DENY,0
567,731,9200,DENY,0
8145,8270,110,ALLOW,1
16842,17034,5432,ALLOW,0
47101,47210,53,DENY,1
39390,39669,2222,ALLOW,1
40495,40874,2222,ALLOW,0
32026,32112,9000,ALLOW,0
35280,35415,22,DENY,1
6472,6893,3389,ALLOW,0
13089,13190,21,ALLOW,0
5851,5984,22,ALLOW,1
57910,58040,9200,ALLOW,1
443,624,4443,DENY,1
1724,2155,3306,DENY,0
49961,50057,4443,DENY,0
2420,2868,443,ALLOW,0
20466,20482,2222,DENY,1
41620,42230,25,DENY,1
29485,29561,8888,DENY,1
14410,14461,110,DENY,1
7581,7921,4443,ALLOW,1
59111,59131,6379,ALLOW,1
9220,9464,80,DENY,1
2569,2601,6379,DENY,0
3742,3781,2379,ALLOW,0
40499,40643,443,ALLOW,1
39585,39631,27017,DENY,1
18858,19080,53,DENY,1
57079,57140,27017,ALLOW,0
31172,31702,21,ALLOW,1
6800,7003,8000,DENY,1
29110,29519,4443,DENY,1
27253,27364,6443,ALLOW,1
33303,33622,2379,ALLOW,0
12113,12302,53,ALLOW,1
31563,31589,2222,DENY,0
55913,56108,1433,ALLOW,1
34599,34721,25,ALLOW,1
40257,40277,3306,DENY,1
57151,57615,80,DENY,0
53077,53376,9000,ALLOW,1
17644,17710,110,ALLOW,0
27598,27956,5432,ALLOW,0
11405,11459,80,DENY,0
39429,39825,443,DENY,1
44981,45015,53,DENY,0
52848,52943,8888,DENY,1
64934,64945,4443,ALLOW,0
29207,29219,9000,DENY,0
52888,52968,53,DENY,1
35688,35718,4443,DENY,1
44298,44573,8443,DENY,1
18477,19139,110,ALLOW,0
7682,8077,5432,DENY,0
56697,56946,2222,ALLOW,0
30212,30340,6443,ALLOW,1
42427,42726,6443,DENY,1
54415,54460,5000,DENY,1
3073,3155,2222,ALLOW,1
17923,18130,27017,ALLOW,0
58205,58293,8000,ALLOW,0
4716,5300,4443,ALLOW,1
48249,48533,5432,DENY,1
29904,30106,21,DENY,0
35074,35203,2379,DENY,1
26325,26741,6443,ALLOW,0
5343,5681,2379,DENY,1
17330,17448,8000,DENY,0
56500,56512,443,DENY,0
33191,33898,8443,ALLOW,0
38588,38789,80,DENY,1
53535,53927,21,ALLOW,0
22890,22980,9200,ALLOW,0
46518,46540,25,DENY,0
13898,14054,27017,DENY,1
39516,39572,5432,DENY,0
64759,64805,25,ALLOW,0
28393,28837,53,ALLOW,1
35443,35651,6443,ALLOW,1
9179,9262,8080,DENY,1
6690,7312,3306,ALLOW,1
21680,21761,6379,ALLOW,0
42792,43201,2379,ALLOW,0
54034,54055,80,ALLOW,1
1695,1704,8000,DENY,0
22189,22417,22,ALLOW,0
36584,36972,80,ALLOW,1
1505,1548,6443,ALLOW,0
21665,22159,3389,DENY,1
5589,5917,22,ALLOW,0
7679,7745,6443,ALLOW,0
17104,17582,8080,DENY,1
28535,29004,6379,DENY,0
7651,7744,8080,DENY,1
14811,15085,3389,DENY,1
26363,26373,5432,DENY,1
43685,43945,9000,ALLOW,0
41575,41617,53,DENY,0
14613,14658,8888,DENY,0
28102,28145,9200,DENY,0
42234,42306,9000,DENY,0
18060,18480,2379,DENY,1
48091,48749,80,ALLOW,1
22767,22838,8080,DENY,0
26007,26131,3389,DENY,1
9470,9474,5432,DENY,0
56458,56522,25,ALLOW,0
17433,17548,6379,DENY,1
11582,11775,6379,DENY,0
51691,51888,9000,ALLOW,1
59198,59416,8080,DENY,0
10016,10145,25,DENY,0
2816,2996,3306,ALLOW,0
49009,49012,8080,ALLOW,1
35564,35606,2222,ALLOW,1
22301,22318,2222,ALLOW,0
1578,1614,8443,ALLOW,0
16150,16745,10250,ALLOW,0
8110,8299,110,DENY,1
12461,12774,21,DENY,1
28220,28307,80,ALLOW,0
44628,44672,80,DENY,0
39116,39182,8080,ALLOW,0
50694,50708,10250,ALLOW,1
18707,18723,8888,DENY,0
59939,60094,27017,ALLOW,1
29079,29335,6443,DENY,1
10665,10768,53,ALLOW,1
26016,26408,53,DENY,1
41626,42338,6443,ALLOW,0
3972,4172,22,DENY,0
33345,33409,2379,ALLOW,0
23444,23648,4443,DENY,0
979,1081,8000,DENY,1
36938,36985,8443,ALLOW,0
4364,4660,9000,DENY,0
42953,43019,5432,DENY,1
15890,16133,21,DENY,1
14866,15071,80,DENY,1
7094,7239,2379,ALLOW,0
21225,21540,8000,ALLOW,0
12145,12195,9200,ALLOW,1
56080,56133,6443,ALLOW,1
5953,6029,8443,DENY,0
48851,49361,22,ALLOW,0
45989,46070,8888,ALLOW,1
15386,15457,8888,DENY,1
5635,5687,6443,ALLOW,1
10792,10944,2379,DENY,1
33909,34348,8000,ALLOW,1
46147,46339,9200,ALLOW,1
35001,35054,9000,DENY,1
15374,15454,53,DENY,1
35080,35196,2379,DENY,1
13568,14328,8888,ALLOW,0
38292,38399,3389,ALLOW,0
8244,8599,2222,ALLOW,0
49950,50036,25,DENY,1
47403,47450,6443,ALLOW,0
34435,34730,1433,DENY,1
33165,33238,25,ALLOW,1
51450,51535,21,ALLOW,1
16678,17055,6443,ALLOW,0
21356,21373,443,DENY,0
11132,11179,9000,DENY,0
21583,21656,80,ALLOW,0
17697,17967,9200,DENY,1
5660,5783,6443,DENY,1
35352,35931,443,ALLOW,0
44347,44496,3389,ALLOW,0
4475,4516,8000,ALLOW,0
12163,12204,9200,ALLOW,1
29193,29310,110,ALLOW,0
28623,28721,27017,DENY,1
39341,39466,110,DENY,1
54337,54471,2222,DENY,0
3038,3151,4443,DENY,0
29126,29258,443,DENY,0
712,1082,22,DENY,1
41935,41962,443,DENY,0
10370,10543,21,DENY,0
40850,40936,2222,ALLOW,0
45228,45318,9200,DENY,0
38138,38155,2379,DENY,0
1849,1875,22,ALLOW,0
25996,26066,4443,DENY,1
44389,44404,10250,ALLOW,0
58073,58243,10250,DENY,1
35473,35548,2379,ALLOW,1
9494,9599,27017,ALLOW,0
12581,13064,4443,ALLOW,0
23967,24045,8888,DENY,0
21641,21784,3306,ALLOW,1
6868,6948,8443,DENY,1
550,583,8443,DENY,1
52677,52739,4443,ALLOW,0
19868,20148,27017,ALLOW,0
62440,62493,22,ALLOW,0
13555,13563,8080,ALLOW,0
10436,10640,9000,DENY,1
31661,31989,9000,ALLOW,1
35144,35435,6379,ALLOW,1
26502,26540,8080,ALLOW,0
42884,43182,110,DENY,1
5380,5434,6379,ALLOW,0
21396,21526,443,DENY,1
5698,6086,1433,ALLOW,1
52458,52583,9000,ALLOW,1
16993,17361,443,DENY,1
53342,53371,53,DENY,0
18098,18550,2379,ALLOW,0
23558,24100,8080,ALLOW,1
2671,2692,9000,DENY,0
35178,35529,443,DENY,0
19752,20048,8443,ALLOW,0
14862,14915,2379,ALLOW,1
7591,7870,22,DENY,0
58838,58907,80,DENY,1
44098,44381,27017,ALLOW,1
49047,49438,110,ALLOW,0
36642,36705,443,ALLOW,1
53621,53914,21,DENY,1
21768,21831,22,ALLOW,0
18297,18673,6443,DENY,0
51518,51557,22,ALLOW,1
55831,55968,9200,DENY,0
18991,19189,6443,ALLOW,0
16519,16798,25,ALLOW,1
35088,35142,9000,ALLOW,0
50625,50847,10250,DENY,0
2417,2478,3306,ALLOW,0
33256,33367,8080,ALLOW,0
38087,38177,5000,ALLOW,0
33188,33385,21,DENY,1
42880,42911,21,ALLOW,0
25563,25587,6379,ALLOW,0
20174,20808,110,ALLOW,0
61197,61247,80,DENY,0
16333,16654,21,ALLOW,0
48399,48419,27017,DENY,0
24066,24239,6379,ALLOW,1
46268,46408,5432,ALLOW,1
47701,48148,5432,ALLOW,0
49973,50544,9000,ALLOW,0
3524,3654,443,ALLOW,1
11321,11391,3306,ALLOW,0
32184,32522,10250,DENY,1
56068,56190,80,DENY,1
39146,39167,6443,ALLOW,0
3781,3872,5432,DENY,1
52188,52410,10250,ALLOW,0
26276,26698,5432,ALLOW,0
22657,23017,8443,ALLOW,0
22416,22558,6443,DENY,1
34962,35102,8443,DENY,1
21199,21509,8000,ALLOW,1
23858,23919,9000,DENY,0
26317,26674,8080,DENY,0
41713,42045,21,DENY,0
57112,57362,8080,DENY,1
42623,42985,6443,DENY,1
35853,35886,443,DENY,0
50157,50201,6443,ALLOW,0
21367,21537,1433,DENY,1
10386,10686,9000,ALLOW,0
19702,19934,2379,ALLOW,0
37202,37452,5000,ALLOW,0
33070,33217,6443,DENY,1
6823,6906,9000,ALLOW,1
47802,47870,25,ALLOW,0
37775,38169,80,ALLOW,0
6915,6994,21,DENY,0
41871,41986,21,ALLOW,1
5987,6245,8888,ALLOW,1
25378,25410,6379,DENY,0
18103,18202,1433,DENY,1
13802,13859,5432,ALLOW,1
24045,24167,9000,DENY,0
6896,6950,8000,ALLOW,0
56025,56257,110,ALLOW,0
59928,60014,10250,DENY,0
24604,24616,22,DENY,0
56293,56506,5000,ALLOW,1
49186,49380,1433,ALLOW,1
3781,4056,10250,ALLOW,1
37582,37794,10250,DENY,1
16584,16737,110,DENY,1
9532,9568,443,DENY,0
22323,22432,5000,ALLOW,0
62524,62536,9200,DENY,0
23932,24163,110,ALLOW,0
11577,11675,27017,ALLOW,0
14411,14554,27017,ALLOW,0
42607,42775,5432,DENY,1
34886,35025,110,ALLOW,0
26775,27055,1433,ALLOW,1
34830,35123,8443,ALLOW,1
28491,28583,53,ALLOW,0
24442,24724,1433,ALLOW,1
44619,44668,8888,ALLOW,0
26157,26554,9200,DENY,1
28461,28498,9000,DENY,0
35117,35442,27017,ALLOW,0
5821,5895,3389,DENY,0
1955,2244,3389,ALLOW,0
38844,39534,6379,ALLOW,0
22579,22646,2222,ALLOW,0
56659,56792,6443,DENY,0
10131,10454,4443,ALLOW,1
46750,46851,3389,ALLOW,1
23527,23776,21,DENY,0
5106,5166,27017,ALLOW,0
31651,31695,6443,DENY,0
17670,18299,3389,DENY,1
7669,7754,6443,ALLOW,0
32003,32068,80,DENY,0
52414,52544,2222,ALLOW,1
40339,40688,443,ALLOW,0
17856,18092,2222,ALLOW,1
40462,40553,10250,DENY,0
23599,23702,25,ALLOW,0
27511,27576,443,ALLOW,0
55143,55313,4443,DENY,1
33451,33818,4443,ALLOW,1
47379,47955,443,DENY,1
31262,31315,443,ALLOW,0
51140,51192,8080,ALLOW,0
48512,48694,443,ALLOW,0
21868,22137,8000,DENY,1
6964,7037,8000,DENY,0
55035,55263,8888,ALLOW,1
43302,43325,3306,ALLOW,0
36044,36227,1433,ALLOW,1
12279,12463,22,ALLOW,0
39060,39062,3306,ALLOW,0
30894,30925,21,ALLOW,0
39036,39079,2379,ALLOW,1
14961,14987,80,DENY,0
2471,2841,443,DENY,1
6956,7288,9000,ALLOW,0
55938,55980,6379,DENY,0
53999,54106,5000,ALLOW,1
16252,16410,25,ALLOW,1
39562,39595,4443,ALLOW,0
38711,38754,9200,DENY,0
52750,52792,8080,DENY,1
49778,49804,9200,DENY,0
34633,34813,4443,ALLOW,1
4208,4278,80,ALLOW,1
34609,34929,3306,DENY,1
27318,27420,8443,DENY,1
56386,56654,27017,DENY,1
3859,4089,110,DENY,1
23636,23733,2222,ALLOW,1
56116,56448,8000,DENY,1
12260,12402,443,ALLOW,0
23647,23722,2222,ALLOW,1
10931,11089,6379,DENY,0
15368,15465,8888,DENY,1
20847,21010,2379,ALLOW,1
28082,28153,53,DENY,1
27860,27886,2379,ALLOW,0
42967,43037,5432,ALLOW,0
17414,17437,110,DENY,0
54113,54122,443,ALLOW,0
34870,35099,4443,DENY,1
38438,38510,6443,DENY,0
7210,7882,5432,ALLOW,1
53950,54092,5000,DENY,1
8745,8831,110,ALLOW,0
35267,35591,4443,ALLOW,1
16297,16826,10250,DENY,1
26762,26880,9200,ALLOW,1
33123,33198,6443,DENY,0
18685,18703,21,ALLOW,0
42218,42292,2222,DENY,1
34612,34824,8000,ALLOW,0
32736,32737,5432,DENY,1
46128,46318,9000,ALLOW,1
29895,30096,5432,DENY,0
5085,5148,53,DENY,0
54877,55053,10250,ALLOW,0
33019,33172,8080,DENY,1
56236,56467,27017,DENY,0
15556,15602,5000,ALLOW,0
12833,13064,8000,DENY,1
38088,38186,3306,DENY,0
49488,50197,21,ALLOW,0
19297,19399,2379,ALLOW,1
10908,11047,10250,ALLOW,1
7091,7170,8443,ALLOW,1
9291,9446,9000,DENY,0
39987,40293,6443,DENY,1
26244,26270,5000,DENY,1
50032,50193,8888,ALLOW,1
30585,30744,80,ALLOW,0
2184,2544,21,ALLOW,0
11508,11653,80,DENY,1
13914,14064,53,ALLOW,1
30581,30746,8000,ALLOW,0
42418,42525,110,ALLOW,1
15988,16100,4443,DENY,0
22393,22756,9000,DENY,0
44082,44160,10250,DENY,1
40488,40654,443,ALLOW,1
21742,21885,6443,ALLOW,1
57916,58039,9200,ALLOW,1
17342,17410,5432,DENY,0
49552,49627,110,ALLOW,0
56998,57003,1433,DENY,0
11645,11668,2379,ALLOW,0
18883,19166,2222,ALLOW,1
12197,12291,6379,ALLOW,1
21134,21606,80,DENY,0
31114,31288,8080,ALLOW,1
20277,20316,8080,ALLOW,0
5943,6226,443,DENY,1
37861,37896,1433,DENY,0
18182,18449,2379,DENY,1
3749,4070,5000,ALLOW,1
56553,56769,6443,DENY,1
27625,27766,1433,DENY,1
44247,44875,9200,ALLOW,0
15375,15432,110,DENY,0
19070,19119,21,DENY,0
28117,28456,22,DENY,0
52493,52747,5000,ALLOW,0
17451,17668,22,ALLOW,0
25584,25691,3389,ALLOW,1
27049,27050,6379,DENY,0
17437,17695,80,ALLOW,1
59330,59382,8080,DENY,0
20141,20483,3306,DENY,1
21305,21571,1433,ALLOW,0
31554,31643,6443,ALLOW,0
23267,23331,27017,DENY,0
31554,31608,9200,ALLOW,0
27188,27342,110,ALLOW,0
51995,52050,3389,ALLOW,1
15875,15916,9000,DENY,1
30937,31131,8000,DENY,1
55911,56042,4443,ALLOW,1
47433,47446,2379,DENY,0
5635,6256,9200,ALLOW,1
29984,30096,53,DENY,0
54544,54731,8080,ALLOW,0
55657,55670,2222,DENY,0
32736,32774,6443,DENY,1
36087,36394,8888,DENY,0
59734,59790,110,DENY,1
29701,29789,2222,DENY,1
21327,21432,9000,DENY,1
61395,61455,4443,ALLOW,0
4209,4282,80,ALLOW,1
5865,5876,2379,DENY,0
13345,13455,27017,DENY,0
47449,47489,8443,DENY,1
43181,43343,2222,DENY,0
48511,48621,2379,ALLOW,0
51677,51724,1433,ALLOW,1
35383,35600,6379,ALLOW,0
39574,39630,1433,ALLOW,0
55680,55739,3306,DENY,0
29129,29364,22,ALLOW,0
51765,52087,6379,ALLOW,0
34335,34346,110,DENY,0
9810,10012,4443,ALLOW,0
45422,45570,6379,DENY,0
38776,38815,8080,ALLOW,0
3036,3171,5432,ALLOW,0
13974,14348,22,ALLOW,0
45056,45086,25,DENY,1
44276,44595,4443,ALLOW,0
46691,46792,5432,ALLOW,0
2312,2320,53,DENY,0
59583,59938,5432,DENY,1
29596,30370,21,ALLOW,0
51348,51517,80,DENY,0
16622,17001,27017,ALLOW,0
16748,16858,25,DENY,0
46235,46703,6443,ALLOW,0
40383,40464,2222,ALLOW,0
2958,2982,1433,DENY,0
45182,45225,9200,ALLOW,0
29929,30363,3306,ALLOW,0
34715,34970,3389,DENY,1
29526,29600,5000,DENY,0
4764,4880,2379,DENY,0
49539,49719,25,ALLOW,0
18931,18990,2379,DENY,1
56044,56237,110,DENY,1
35325,35339,5432,DENY,0
11926,11948,80,ALLOW,0
49315,49322,5000,ALLOW,0
5444,5548,2222,ALLOW,0
1321,1399,5000,DENY,1
25298,25391,21,DENY,0
38969,39229,8888,ALLOW,1
19802,19983,1433,ALLOW,1
14872,14890,4443,DENY,0
16398,16620,3306,ALLOW,1
56637,56689,8443,ALLOW,0
52991,53234,25,DENY,0
30576,30626,8888,ALLOW,0
25656,25736,6443,DENY,1
46443,46460,3389,DENY,0
9077,9435,8443,ALLOW,0
25162,25350,25,ALLOW,1
24410,24433,8443,ALLOW,0
15726,15754,8888,DENY,0
14247,14538,1433,DENY,1
19707,19805,9200,ALLOW,0
10836,11035,8888,DENY,0
41166,41426,2379,DENY,1
46281,46433,5432,ALLOW,1
11256,11311,2222,ALLOW,0
34903,35561,25,ALLOW,1
24052,24177,2379,DENY,0
46185,46218,2222,ALLOW,0
29615,29624,9200,DENY,0
5891,6299,443,ALLOW,0
32776,32821,5432,ALLOW,0
20800,20877,8000,DENY,0
16477,16556,27017,ALLOW,0
15536,15546,443,ALLOW,0
3438,3620,1433,ALLOW,0
545,600,8443,DENY,1
29359,29455,3389,DENY,0
43473,43525,1433,ALLOW,0
55003,55063,21,ALLOW,0
56710,56735,9000,DENY,0
20974,21028,8888,ALLOW,0
32734,32763,5432,DENY,1
14424,14537,80,ALLOW,0
54665,54829,2222,ALLOW,0
6645,6667,5432,ALLOW,0
46715,46856,25,DENY,1
37926,38121,3306,ALLOW,1
2480,2576,8888,ALLOW,0
55817,55872,8888,DENY,1
45223,45266,443,DENY,0
55787,55828,443,ALLOW,1
48996,49133,9000,DENY,0
43587,43608,8080,ALLOW,1
34645,34992,3306,ALLOW,1
38445,38498,80,ALLOW,0
42191,42380,3389,ALLOW,0
42716,42785,4443,ALLOW,0
16521,16701,5000,ALLOW,1
1989,2179,22,ALLOW,1
1059,1218,6379,DENY,1
12904,13218,3389,DENY,1
26334,26539,10250,ALLOW,0
10602,10813,3306,ALLOW,1
56994,57040,10250,ALLOW,0
20189,20239,5000,ALLOW,0
38806,38884,4443,ALLOW,0
46401,46608,3389,DENY,0
18569,19059,110,ALLOW,1
8360,8604,25,DENY,0
43506,43525,8080,ALLOW,1
33113,33267,53,DENY,1
29930,30168,3389,ALLOW,1
54248,54256,8000,DENY,0
9220,9299,110,ALLOW,0
50176,50590,10250,ALLOW,0
7130,7156,5000,DENY,1
51172,51372,9000,ALLOW,1
32248,32316,22,DENY,0
19768,19981,8443,DENY,1
21045,21300,22,ALLOW,0
22013,22362,1433,DENY,1
23459,23642,8443,DENY,1
23678,24019,22,DENY,1
21934,22246,2222,ALLOW,1
36831,36918,4443,ALLOW,1
29720,29763,3389,ALLOW,0
7078,7173,8443,ALLOW,1
54808,54961,9000,ALLOW,1
36309,36855,443,ALLOW,0
42598,42813,9000,ALLOW,1
55174,55280,8080,DENY,1
45255,45393,53,DENY,0
27275,27340,10250,ALLOW,1
21180,21527,8000,DENY,1
617,997,4443,ALLOW,0
24003,24485,9000,ALLOW,0
6036,6435,110,ALLOW,0
42292,42394,1433,ALLOW,1
54722,54847,22,ALLOW,1
28642,28980,443,ALLOW,0
56374,56410,3389,ALLOW,1
41615,41663,22,DENY,1
5181,5337,8000,ALLOW,1
20203,20310,9200,DENY,1
6509,6611,2379,ALLOW,0
27169,27496,2222,DENY,1
46085,46162,21,DENY,1
32169,32295,10250,DENY,0
49042,49098,6443,DENY,0
30154,30283,1433,ALLOW,1
49261,49339,9000,ALLOW,1
662,675,8080,DENY,0
9465,9516,25,DENY,0
17719,17761,10250,ALLOW,1
31724,31826,3389,ALLOW,1
59195,59419,8888,DENY,0
51524,51610,3306,DENY,0
15294,15374,9000,ALLOW,0
52845,52956,6379,ALLOW,0
45267,45307,6379,DENY,0
30195,30269,8443,ALLOW,1
38208,38508,8888,ALLOW,0
43823,43929,2379,ALLOW,1
15850,15880,6443,DENY,1
7113,7273,10250,ALLOW,1
29702,29773,1433,ALLOW,1
23067,23127,21,ALLOW,0
19982,20049,110,ALLOW,0
28133,28253,22,DENY,0
451,636,4443,DENY,1
57252,57435,8443,ALLOW,1
45277,45358,8080,ALLOW,0
707,1129,6443,DENY,0
4304,4703,6379,DENY,0
51680,51714,1433,ALLOW,1
20691,20696,110,DENY,0
45643,45684,27017,DENY,0
51067,51149,9200,ALLOW,0
56248,56261,6443,ALLOW,0
42253,42289,9200,DENY,0
8902,8958,3306,ALLOW,0
32603,32628,443,DENY,1
35690,35827,8443,DENY,1
14923,15003,2379,ALLOW,0
57073,57176,443,DENY,1
44786,44835,1433,ALLOW,0
25307,25494,8000,DENY,0
23002,23060,4443,DENY,0
41527,41903,22,DENY,1
36534,37007,80,DENY,0
10677,10846,9000,ALLOW,1
55607,55667,8000,ALLOW,0
36865,36936,4443,DENY,0
57984,58141,8000,DENY,1
33660,34055,5000,DENY,1
24630,24722,9200,ALLOW,1
35865,36107,21,DENY,1
10665,10922,9000,DENY,1
49237,49337,9000,DENY,0
20065,20170,80,ALLOW,0
39593,39611,27017,DENY,1
63819,63846,25,DENY,0
4709,5345,4443,ALLOW,0
31016,31029,1433,DENY,1
42102,42367,4443,DENY,1
9100,9224,4443,DENY,1
13562,13828,10250,ALLOW,0
33750,33779,9000,ALLOW,0
44623,44741,21,ALLOW,1
25286,25397,6443,DENY,0
53012,53051,3306,DENY,1
35269,35956,3389,ALLOW,0
13276,13427,9200,DENY,0
38086,38416,9200,ALLOW,0
5953,6039,1433,DENY,1
46310,46631,6443,DENY,1
38122,38391,9200,DENY,1
36941,36960,8443,DENY,1
7273,7277,22,DENY,1
38035,38129,5432,ALLOW,1
32651,32964,9000,ALLOW,0
13537,13905,6379,ALLOW,0
11568,11961,8080,ALLOW,0
27250,27300,8443,DENY,1
53776,53819,25,DENY,0
29081,29181,2379,ALLOW,1
34618,34654,110,DENY,0
7366,7761,8080,ALLOW,1
21924,21993,3389,DENY,0
15862,15878,6443,DENY,1
50660,50775,22,ALLOW,1
4179,4215,4443,DENY,0
26366,26731,6443,DENY,1
44158,44183,9200,DENY,0
35434,35878,443,ALLOW,1
12206,12212,8888,DENY,0
27459,27668,9000,ALLOW,1
6645,6853,443,ALLOW,0
50782,50952,80,DENY,1
1650,1689,9200,DENY,1
41984,42047,3389,DENY,0
39397,39506,5432,ALLOW,1
15756,16078,10250,DENY,0
28480,28605,6443,ALLOW,0
37825,37843,9200,DENY,0
20407,20651,8443,DENY,1
10340,10821,80,DENY,0
31438,31650,21,DENY,1
17420,17523,3306,DENY,0
56144,56425,2379,ALLOW,0
35639,35825,25,DENY,1
32442,32705,110,DENY,0
51541,51799,25,ALLOW,1
36372,36392,80,ALLOW,0
227,841,80,DENY,1
14618,14654,8443,ALLOW,0
2233,2360,22,DENY,0
5279,5344,6379,ALLOW,0
27470,27661,2222,DENY,1
48158,48315,6379,ALLOW,1
27781,27807,5000,ALLOW,0
44740,45106,22,DENY,0
12784,13069,8000,ALLOW,0
32167,32220,2379,DENY,0
3957,4127,4443,DENY,1
39322,39416,8080,ALLOW,0
51707,51989,8443,DENY,1
15253,15327,27017,ALLOW,1
13175,13177,2379,DENY,0
40947,41224,9000,DENY,1
21005,21523,8888,ALLOW,1
24794,24887,1433,ALLOW,1
17048,17211,9000,ALLOW,0
53283,53418,8888,ALLOW,0
17417,17844,10250,ALLOW,0
16180,16328,3389,ALLOW,0
32516,32586,80,DENY,1
11506,11681,80,ALLOW,0
48170,48354,6379,DENY,1
16521,16615,5432,DENY,1
20153,20237,21,DENY,1
51162,51210,8080,DENY,0
37799,38163,80,DENY,1
49542,49672,3306,ALLOW,0
21799,21986,443,DENY,0
10932,10983,25,DENY,0
41679,42294,6443,ALLOW,1
16937,17225,1433,DENY,1
32934,32981,8000,DENY,0
26204,26500,110,ALLOW,0
5311,5734,2379,ALLOW,0
10507,10683,1433,DENY,0
52683,52726,8080,DENY,0
17225,17436,3389,ALLOW,0
4496,4569,110,DENY,0
27666,27931,6379,ALLOW,1
8634,8952,2379,DENY,1
59349,59379,4443,DENY,0
29090,29114,80,ALLOW,0
21136,21613,2222,DENY,1
10904,11001,2379,DENY,1
6665,7311,3306,DENY,1
43011,43361,6443,ALLOW,1
57795,57881,8888,DENY,0
48723,49002,2222,ALLOW,0
16471,16731,3306,DENY,1
5604,5773,4443,DENY,1
2781,2820,443,ALLOW,0
49603,49785,8888,ALLOW,1
24031,24220,6379,ALLOW,1
11849,12175,10250,ALLOW,0
34416,34475,25,DENY,1
7163,7229,8443,ALLOW,1
31765,31868,22,DENY,0
33348,33600,2379,DENY,1
51337,51411,5432,ALLOW,0
36336,36846,6379,ALLOW,0
50032,50200,8888,ALLOW,1
31316,31403,22,ALLOW,0
38045,38125,1433,ALLOW,0
15481,15812,110,ALLOW,0
40454,40465,10250,ALLOW,0
43182,43640,21,ALLOW,0
53366,53445,443,ALLOW,0
49611,49898,9000,ALLOW,0
3227,3311,8888,DENY,0
41393,42071,8888,ALLOW,0
53135,53147,6379,ALLOW,0
1329,1476,8888,ALLOW,1
26915,26916,25,DENY,0
30113,30289,2379,ALLOW,1
41230,41406,2222,DENY,0
18887,19191,2222,DENY,0
17095,17147,8443,DENY,0
59101,59130,6379,ALLOW,1
13685,13782,53,DENY,1
22971,22995,10250,ALLOW,0
11924,11999,8443,DENY,0
626,1009,443,ALLOW,1
17885,17928,2222,ALLOW,0
24592,24724,5432,ALLOW,0
31647,31755,22,DENY,0
43550,43648,8080,DENY,0
22109,22142,5432,ALLOW,1
37576,38064,10250,DENY,1
32978,33083,3306,ALLOW,0
51342,51611,6379,ALLOW,1
48988,49191,21,DENY,0
30893,31461,110,ALLOW,0
17915,18103,9200,DENY,1
17549,17600,53,ALLOW,0
19988,20052,21,ALLOW,0
30693,30724,2379,ALLOW,1
346,430,21,ALLOW,0
21924,22080,9000,ALLOW,1
11923,12053,8080,DENY,0
34600,34661,53,ALLOW,0
24149,24222,3306,DENY,0
47662,47710,8443,ALLOW,0
31639,31811,1433,DENY,0
9518,9613,53,DENY,1
6246,6284,5000,ALLOW,0
23543,23943,8080,ALLOW,0
51719,52233,27017,ALLOW,0
19027,19430,3306,ALLOW,0
3567,3670,22,DENY,0
21653,21958,21,ALLOW,0
985,986,27017,DENY,0
47623,47820,9000,DENY,1
30511,31076,3306,DENY,1
13790,13852,5432,ALLOW,1
29529,29570,5432,ALLOW,1
14714,14822,110,DENY,0
40853,40947,5000,DENY,0
60994,61004,80,DENY,0
22562,22628,10250,DENY,0
57378,57511,8000,ALLOW,1
25072,25193,21,ALLOW,0
48556,48648,443,ALLOW,0
45571,45651,6379,DENY,1
5917,5968,80,DENY,0
11622,11698,8000,DENY,1
57108,57327,21,ALLOW,0
35378,35662,8443,DENY,1
13046,13379,10250,ALLOW,1
18519,18609,80,ALLOW,0
20218,20827,443,DENY,1
37491,37590,10250,ALLOW,0
34105,34216,53,DENY,1
24132,24237,443,ALLOW,0
43360,43662,8443,ALLOW,0
5513,5557,3306,DENY,0
37383,37438,5432,DENY,0
33388,33572,10250,DENY,0
29057,29586,4443,ALLOW,0
27181,27196,1433,ALLOW,0
1687,1706,6443,ALLOW,0
41274,41578,2222,ALLOW,0
34891,35289,27017,ALLOW,1
11328,12066,5432,ALLOW,0
34705,34732,5000,ALLOW,0
48165,48201,9000,DENY,0
13198,13264,27017,DENY,0
47353,47562,1433,DENY,1
24870,24961,3306,ALLOW,0
46759,46950,27017,ALLOW,0
42019,42094,3389,ALLOW,0
3639,3750,2379,DENY,0
1054,1231,6379,ALLOW,0
44954,45015,53,DENY,0
19348,19728,8443,DENY,0
39860,40202,6379,ALLOW,1
32329,32761,27017,ALLOW,0
44070,44399,27017,DENY,1
15525,15607,6443,ALLOW,1
16952,17384,443,ALLOW,0
59162,59238,3389,ALLOW,0
18413,18422,6379,DENY,0
43973,44073,5000,DENY,1
21152,21246,1433,ALLOW,1
14920,14994,22,ALLOW,0
1763,1890,2379,ALLOW,1
33513,33845,8000,ALLOW,1
638,681,2222,DENY,0
40454,40656,2379,DENY,0
28270,28327,8080,DENY,0
21326,21518,25,DENY,0
58041,58088,110,DENY,0
40253,40311,110,ALLOW,0
9823,10000,8888,ALLOW,0
56760,56949,5432,ALLOW,0
21602,22171,3389,ALLOW,0
39125,39138,8080,DENY,0
53573,53753,3306,DENY,1
48704,48755,2222,ALLOW,0
46200,46234,443,ALLOW,0
28863,28882,8888,DENY,0
7046,7288,27017,ALLOW,0
1970,2194,3389,DENY,1
52111,52163,443,DENY,0
4807,4825,22,ALLOW,0
54447,54651,6379,ALLOW,1
1046,1177,21,ALLOW,0
11774,12028,443,DENY,1
26008,26478,4443,ALLOW,0
42404,42516,110,ALLOW,1
1273,1414,8000,ALLOW,0
38893,39487,6379,DENY,1
7104,7239,2379,DENY,1
50112,50198,8000,ALLOW,1
18169,18363,2379,ALLOW,0
30500,30992,6379,ALLOW,0
28066,28162,9000,DENY,0
47237,47325,6379,DENY,1
3333,3545,2379,ALLOW,1
31056,31179,8443,DENY,1
27030,27219,8443,ALLOW,0
7011,7219,9000,DENY,1
36593,36758,2379,DENY,1
3445,3536,80,ALLOW,1
53559,53623,22,ALLOW,0
49082,49383,110,DENY,1
32019,32677,6443,ALLOW,1
46188,46201,6379,DENY,1
1698,1742,27017,DENY,1
27066,27111,8888,DENY,0
39767,39931,21,ALLOW,0
56242,56572,8080,ALLOW,0
8106,8173,21,DENY,0
59545,59589,3389,DENY,1
4370,4466,443,DENY,1
52207,52357,8443,DENY,0
41447,41842,2379,ALLOW,0
22912,22947,22,DENY,1
25358,25836,3389,DENY,0
12041,12137,10250,ALLOW,0
49216,49493,6443,ALLOW,1
58855,59166,8443,ALLOW,1
49155,49219,10250,DENY,0
34953,35084,6379,ALLOW,0
13562,13858,6379,DENY,1
2594,2969,22,ALLOW,0
57945,58194,8000,ALLOW,0
43737,44163,27017,ALLOW,0
13621,13642,27017,ALLOW,1
23836,23933,9000,ALLOW,1
30171,30236,80,ALLOW,0
25527,25616,10250,ALLOW,1
51240,51313,6379,DENY,1
705,786,8080,ALLOW,0
48931,49003,27017,DENY,0
57214,57229,8888,ALLOW,0
23995,24076,110,ALLOW,1
11377,11410,8443,DENY,1
57116,57243,21,ALLOW,1
14728,14752,443,DENY,0
1296,1452,80,ALLOW,1
6435,6591,5000,DENY,1
10040,10350,10250,ALLOW,0
30544,30642,6443,ALLOW,1
32842,32996,27017,DENY,0
24068,24208,80,ALLOW,0
40978,41163,8443,DENY,1
20553,20645,8080,ALLOW,1
52610,52700,9200,DENY,1
17612,17685,6443,DENY,1
12880,12902,8888,DENY,0
58015,58067,9000,ALLOW,0
56379,56400,3389,ALLOW,1
39209,39609,110,DENY,1
44703,45058,6443,ALLOW,1
3812,3915,6443,DENY,1
6107,6438,9000,ALLOW,1
13868,13988,22,DENY,1
58447,58854,5432,DENY,0
30775,31470,2222,ALLOW,0
40112,40113,5432,ALLOW,1
33196,33364,21,ALLOW,1
9482,9509,8080,ALLOW,0
28078,28175,2222,DENY,1
46116,46171,4443,DENY,0
31170,31257,2222,DENY,1
37897,37924,8888,ALLOW,0
37727,37780,10250,DENY,0
32520,32780,9200,ALLOW,1
620,952,5000,ALLOW,1
3681,3882,8888,DENY,0
51031,51061,27017,ALLOW,0
42308,42582,8443,DENY,1
51029,51423,5000,ALLOW,1
33449,33828,21,DENY,1
28480,28601,10250,ALLOW,0
56685,56764,6443,ALLOW,1
45621,45638,27017,ALLOW,0
11695,11862,21,DENY,1
37525,37826,10250,ALLOW,0
50870,50953,8080,ALLOW,0
22199,22976,110,ALLOW,0
19002,19080,80,ALLOW,0
32851,33094,25,ALLOW,0
15802,16384,9200,ALLOW,1
39284,39488,8888,DENY,1
44881,44943,3306,ALLOW,1
32694,33085,1433,ALLOW,0
11679,11699,9000,DENY,0
15549,15567,53,ALLOW,0
26029,26087,53,DENY,0
36354,36570,25,DENY,1
11847,11937,22,DENY,0
45769,45967,5000,DENY,0
32507,32601,80,DENY,1
